id,story_id,statement_1,statement_2,choices,answer,after_page,skill,tagalog_statement_1,tagalog_statement_2,tagalog_choices,tagalog_answer,is_standalone
1,10efe7f8-1a53-4717-9d8b-cdd50d736fbd,Mila sees a,in the forest.,"[""monkey"",""cloud"",""strange object""]",strange object,3,story details,May nakitang,si Mila sa gubat.,"[""unggoy"",""ulap"",""bagay""]",bagay,FALSE
4,a351097b-2e32-4d98-9d33-5c8f7fe824ab,She went to ,to eat lunch,"[""Area 2"",""the roof"",""the toilet""]",Area 2,2,story details,Pumunta siya siya,para kumain.,"[""Area 2"",""bubong"",""banyo""]",Area 2,FALSE
5,828e7a23-82e5-45d3-9466-e9daf113973b,The student wants to get a,for her grade in this class.,"[""1.0"",""5.0"",""INC""]",1,2,story details,none,none,[],none,FALSE
6,885c73c2-2312-4ca2-9955-c74877da9a43,The study wants to get a ,grade for her exam.,"[""1.0"",""5.0"",""3.0""]",1,2,story details,none,none,[],none,FALSE
7,4ea07e81-96e4-4864-b398-bd4a157bc2f5,asdfasdf,,"[""sadfasdf"",""asdfasdf"",""fsdalkfjlkasdf""]",sadfasdf,1,story details,none,none,[],none,FALSE
8,fad71856-2621-440b-95bc-c27a9acf8c75,fill the,for me.,"[""sentence"",""chocolate"",""roof""]",sentence,1,story details,none,none,[],none,FALSE
9,410a3cc7-a7ca-4872-9429-fc3590b580ee,test1,test2,"[""cs"",""sdf"",""asdf""]",cs,1,story details,none,none,[],none,FALSE
10,7fec4378-0880-43f2-8dc4-3c1db16a1975,test,test2,"[""c1"",""c2"",""c3""]",c1,1,story details,Tagalog page 1,Tagalog page 2,"[""tg1"",""tg2"",""tg3""]",tg1,FALSE
11,6cc37058-790f-4d26-83d4-f16e256a442a,test1,test2,"[""c1"",""c2"",""c3""]",c1,1,story details,experimento1,experimento2,"[""tg1"",""tg2"",""tg3""]",tg1,FALSE
12,e2f8826e-99e2-4fe2-802b-9c22196e8b3c,test1,test2,"[""e1"",""e2"",""e3""]",e1,1,story details,testing1,testing2,"[""tg1"",""tg2"",""tg3""]",tg1,FALSE
13,18ca8bb2-5915-4988-8d2e-bb0b7c6f73a8,,live near the dam,"[""Dam"",""Animals"",""Villagers""]",Villagers,3,content vocabulary,none,ay nakatira malapit sa prinsa,"[""Ang Prinsa"",""Ang mga hayop"",""Ang mga taganayon""]",Ang mga taganayon,FALSE
14,18667b4a-ec48-4961-b9db-3fcc87cbea83,Bill asked his,for advice.,"[""friends"",""pets"",""plants""]",friends,2,content vocabulary,Humingi ng payo si Bill sa kanyang,none,"[""mga kaibigan"",""mga alaga"",""mga halaman""]",mga kaibigan,FALSE
15,85489db2-366b-4aba-bfec-d415e07ea58b,My siblings,money for our father's birthday.,"[""saved"",""spent"",""lost""]",saved,2,word functions,Nag-,ng pera ang aking mga kapatid para sa kaarawan ng aming ama.,"[""ipon"",""gastos"",""tapon""]",ipon,FALSE
16,85489db2-366b-4aba-bfec-d415e07ea58b,I bought,pencils,"[""eleven"",""five"",""twenty""]",eleven,4,content vocabulary,Bumili ako ng,lapis,"[""labing-isa"",""lima"",""dalawampu""]",labing-isa,FALSE
17,05d87818-b7e7-4547-9bd1-519ad6af9a25,Maria practiced,fear,"[""without"",""with"",""after""]",without,2,word functions,Nagpraktis si Maria nang,takot,"[""walang"",""may"",""pagkatapos ng""]",walang,FALSE
18,05d87818-b7e7-4547-9bd1-519ad6af9a25,"If two lines intersect, they",,"[""cross"",""disappear"",""bend""]",cross,4,content vocabulary,"Kung ang dalawang linya ay nag-iintersect, sila ay",,"[""nagkakasalubong"",""nawawala"",""yumuyuko""]",nagkakasalubong,FALSE
19,2b0643d1-1d18-423e-8133-d8b24647254b,With,"in our hearts, we humbly pray.","[""gratitude"",""anger"",""worry""]",gratitude,3,content vocabulary,May,"sa aming mga puso, kami ay mapagkumbabang nananalangin.","[""pasasalamat"",""galit"",""pag-aalala""]",pasasalamat,FALSE
20,706535eb-a87d-4188-9b20-f788aed4adbe,The teacher,her hands.,"[""claps"",""opens"",""closes""]",claps,2,text structure,Ang guro ay,ng kanyang mga kamay.,"[""nagpalakpak"",""nagbukas"",""isinara""]",nagpalakpak,FALSE
21,2ce3e546-10e8-4a72-9334-b94bba0b7b8c,Metals improved many,of people's lives.,"[""parts"",""aspects"",""colors"",""sounds""]",aspects,2,drawing conclusions,Pinahusay ng mga metal ang maraming,ng buhay ng mga tao.,"[""bahagi"",""aspeto"",""kulay"",""tunog""]",aspeto,FALSE
22,f03b0670-cbc8-467c-906e-c108fad4e429,Artists use clay to make,,"[""soup"",""sculptures"",""paper"",""water""]",sculptures,3,key details,Gumagamit ang mga artista ng luwad sa paggawa,,"[""sopas"",""eskultura"",""papel"",""tubig""]",eskultura,FALSE
23,927fe3d2-9718-4ada-9e9d-0d70103c7f3f,The box should be placed in the,of the wrapping paper to measure how much paper is needed.,"[""corner"",""edge"",""middle"",""side""]",middle,2,key details,Ang kahon ay dapat ilagay sa,ng pambalot na papel upang masukat kung gaano karaming papel ang kailangan.,"[""sulok"",""gilid"",""gitna"",""tabi""]",gitna,FALSE
24,8e9d748c-e988-45d2-866b-59031ac5b36f,Farmers sell coconuts in the market to earn,,"[""food"",""money"",""water"",""toys""]",money,4,key details,Nagtitinda ng niyog sa palengke ang mga magsasaka para kumita ng,,"[""pagkain"",""pera"",""tubig"",""mga laruan""]",pera,FALSE
25,3cc95d2b-ebba-4c87-9af9-960bd2f6ae26,"If butanding help control plankton, the ocean ecosystem stays more",,"[""messy"",""balanced"",""dirty"",""empty""]",balanced,2,drawing conclusions,"Kung tinutulungan ng butanding na kontrolin ang plankton, mas mananatiling",ang ekosistema ng karagatan.,"[""magulo"",""balanse"",""marumi"",""walang laman""]",balanse,FALSE
26,aa641f83-4513-49be-b799-cb2936d66f3b,Pilo is a ,.,"[""pilandok"",""dog"",""bird""]",pilandok,1,identifying story elements,Si Pilo ay isang,.,"[""pilandok"",""aso"",""ibon""]",pilandok,FALSE
27,aa641f83-4513-49be-b799-cb2936d66f3b,Pilo walked in the,.,"[""forest"",""school"",""river""]",forest,2,identifying story elements,Lumakad si Pilo sa,.,"[""gubat"",""paaralan"",""ilog""]",gubat,FALSE
28,aa641f83-4513-49be-b799-cb2936d66f3b,Pilo saved the,he found.,"[""coins"",""food"",""paintings""]",coins,3,identifying story elements,Inipon ni Pilo ang,na kanyang nakita.,"[""barya"",""pagkain"",""pintura""]",barya,FALSE
29,aa641f83-4513-49be-b799-cb2936d66f3b,Pilo painted,.,"[""every day"",""once a week"",""only at night""]",every day,4,identifying story elements,Nagpinta si Pilo,.,"[""araw-araw"",""isang beses sa isang linggo"",""gabi lamang""]",araw-araw,FALSE
30,aa641f83-4513-49be-b799-cb2936d66f3b,Pilo's work was,.,"[""beautiful"",""ugly"",""boring""]",beautiful,5,identifying story elements,Ang gawa ni Pilo ay,.,"[""maganda"",""pangit"",""nakakainis""]",maganda,FALSE
31,aa641f83-4513-49be-b799-cb2936d66f3b,Summer came so there was very little,.,"[""food"",""water"",""rain""]",food,6,cause and effect,Dumating ang tag-init kaya kakaunti ang,.,"[""pagkain"",""tubig"",""ulan""]",pagkain,FALSE
32,aa641f83-4513-49be-b799-cb2936d66f3b,Pilo gave,to the other animals.,"[""food"",""coins"",""paintings""]",food,7,problem and solution,Nagbigay si Pilo ng,sa ibang hayop.,"[""pagkain"",""barya"",""pintura""]",pagkain,FALSE
33,163ed93d-e533-4c78-84e5-a614cea3bfe4,Maria was,about her math quiz.,"[""excited"",""sad"",""tired""]",excited,1,identifying story elements,Si Maria ay,tungkol sa kanyang pagsusulit sa math.,"[""nasabik"",""malungkot"",""pagod""]",nasabik,FALSE
34,163ed93d-e533-4c78-84e5-a614cea3bfe4,Maria sat at her desk and opened her,.,"[""notebook"",""lunchbox"",""bag""]",notebook,1,identifying story elements,Umupo si Maria sa kanyang mesa at binuksan ang kanyang,.,"[""kuwaderno"",""lunchbox"",""bag""]",kuwaderno,FALSE
35,163ed93d-e533-4c78-84e5-a614cea3bfe4,Maria had a math quiz,.,"[""tomorrow"",""yesterday"",""today""]",tomorrow,2,sequencing events,Mayroon si Maria ng pagsusulit sa math,.,"[""bukas"",""kahapon"",""ngayon""]",bukas,FALSE
36,163ed93d-e533-4c78-84e5-a614cea3bfe4,The teacher told Maria to practice before,.,"[""bed"",""lunch"",""school""]",bed,2,identifying story elements,Sinabi ng guro kay Maria na mag-ensayo bago,.,"[""matulog"",""tanghalian"",""paaralan""]",matulog,FALSE
37,163ed93d-e533-4c78-84e5-a614cea3bfe4,Mom said learning takes work but it is,.,"[""worth it"",""boring"",""easy""]",worth it,3,infer characters feelings and traits,Sinabi ni Nanay na ang pag-aaral ay mahirap ngunit,.,"[""sulit"",""nakakainis"",""madali""]",sulit,FALSE
38,163ed93d-e533-4c78-84e5-a614cea3bfe4,Maria drew two,lines on her paper.,"[""long"",""short"",""curved""]",long,4,identifying story elements,Gumuhit si Maria ng dalawang,na linya sa papel.,"[""mahaba"",""maikli"",""baluktot""]",mahaba,FALSE
39,163ed93d-e533-4c78-84e5-a614cea3bfe4,Parallel lines go side by side and never,.,"[""touch"",""cross"",""meet each other""]",touch,4,cause and effect,Ang mga parallel na linya ay nagtatakbo nang magkabalikat at hindi kailanman,.,"[""nagtatagpo"",""nagtatawid"",""nagiging isa""]",nagtatagpo,FALSE
40,163ed93d-e533-4c78-84e5-a614cea3bfe4,Perpendicular lines meet at a,angle.,"[""right"",""big"",""small""]",right,5,identifying story elements,Ang mga perpendicular na linya ay nagtatagpo sa isang,na anggulo.,"[""tamang"",""malaking"",""maliit na""]",tamang,FALSE
41,163ed93d-e533-4c78-84e5-a614cea3bfe4,Maria drew the lines and,her answer.,"[""checked"",""erased"",""copied""]",checked,5,sequencing events,Gumuhit si Maria ng mga linya at,ang kanyang sagot.,"[""sinuri"",""binura"",""kinopya""]",sinuri,FALSE
42,163ed93d-e533-4c78-84e5-a614cea3bfe4,Intersecting lines cross and make,.,"[""angles"",""circles"",""squares""]",angles,6,identifying story elements,Ang mga intersecting na linya ay nagtatawid at gumagawa ng,.,"[""mga anggulo"",""mga bilog"",""mga parisukat""]",mga anggulo,FALSE
43,163ed93d-e533-4c78-84e5-a614cea3bfe4,Maria smiled because her guesses were,.,"[""right"",""wrong"",""silly""]",right,6,infer characters feelings and traits,Ngumiti si Maria dahil ang kanyang mga hula ay,.,"[""tama"",""mali"",""katawa-tawa""]",tama,FALSE
44,163ed93d-e533-4c78-84e5-a614cea3bfe4,The next day Maria took her,.,"[""test"",""nap"",""lunch""]",test,7,sequencing events,Kinabukasan kumuha si Maria ng kanyang,.,"[""pagsusulit"",""pahinga"",""tanghalian""]",pagsusulit,FALSE
45,163ed93d-e533-4c78-84e5-a614cea3bfe4,Maria felt,and ready before the test.,"[""calm"",""scared"",""angry""]",calm,7,infer characters feelings and traits,Naramdaman ni Maria na,at handa siya bago ang pagsusulit.,"[""panatag"",""takot"",""galit""]",panatag,FALSE
46,163ed93d-e533-4c78-84e5-a614cea3bfe4,The teacher gave back the,.,"[""papers"",""pencils"",""books""]",papers,8,identifying story elements,Ibinigay ng guro ang mga,.,"[""papel"",""lapis"",""libro""]",papel,FALSE
47,163ed93d-e533-4c78-84e5-a614cea3bfe4,Maria smiled with,eyes when she saw her score.,"[""shining"",""tired"",""closed""]",shining,8,infer characters feelings and traits,Ngumiti si Maria nang may,na mga mata nang makita niya ang kanyang marka.,"[""maliwanag"",""pagod"",""saradong""]",maliwanag,FALSE
48,03acea88-a70a-4915-bf30-60a3428ddd1c,The kitten was found sleeping in the,on a warm summer day.,"[""garden"",""school"",""river""]",garden,1,story details,Ang kuting ay natulog sa,sa isang mainit na araw ng tag-araw.,"[""hardin"",""paaralan"",""ilog""]",hardin,FALSE
49,03acea88-a70a-4915-bf30-60a3428ddd1c,The kitten saw tall green,and wide bright leaves around her.,"[""stems"",""rocks"",""fences""]",stems,2,story details,Nakita ng kuting ang matatangkad na berdeng,at malalaking maliwanag na dahon.,"[""tangkay"",""bato"",""bakod""]",tangkay,FALSE
50,03acea88-a70a-4915-bf30-60a3428ddd1c,The kitten felt better because the warm,touched her fur.,"[""sunlight"",""rain"",""wind""]",sunlight,3,cause and effect,Gumaan ang loob ng kuting dahil ang mainit na,ay humipo sa kanyang balahibo.,"[""sikat ng araw"",""ulan"",""hangin""]",sikat ng araw,FALSE
51,03acea88-a70a-4915-bf30-60a3428ddd1c,When the sun went down the kitten looked up and saw thousands of tiny,in the sky.,"[""stars"",""birds"",""clouds""]",stars,4,story details,Nang lumubog ang araw tumingala ang kuting at nakita ang libu-libong maliliit na,sa langit.,"[""bituin"",""ibon"",""ulap""]",bituin,FALSE
52,03acea88-a70a-4915-bf30-60a3428ddd1c,The kitten felt,because she had food a garden and a warm sky.,"[""thankful"",""angry"",""lonely""]",thankful,5,characters feelings and traits,Naramdaman ng kuting ang,dahil mayroon siyang pagkain hardin at mainit na langit.,"[""pasasalamat"",""galit"",""kalungkutan""]",pasasalamat,FALSE
53,03acea88-a70a-4915-bf30-60a3428ddd1c,The next morning the kitten saw,near the flowers.,"[""trash"",""water"",""toys""]",trash,6,problem and solution,Kinabukasan nakita ng kuting ang,malapit sa mga bulaklak.,"[""basura"",""tubig"",""laruan""]",basura,FALSE
54,03acea88-a70a-4915-bf30-60a3428ddd1c,The kitten pushed the,away from the flowers with her paws.,"[""trash"",""rocks"",""leaves""]",trash,7,problem and solution,Itinulak ng kuting ang,palayo sa mga bulaklak gamit ang kanyang mga paa.,"[""basura"",""bato"",""dahon""]",basura,FALSE
55,03acea88-a70a-4915-bf30-60a3428ddd1c,After the kitten cleaned up the garden the flowers,again.,"[""bloomed"",""died"",""disappeared""]",bloomed,8,story details,Matapos linisin ng kuting ang hardin ang mga bulaklak ay,muli.,"[""namukadkad"",""namatay"",""nawala""]",namukadkad,FALSE
56,5c0f549d-d800-4a69-9e14-018355859716,Emma pressed her hand into the,soil.,"[""dry"",""wet"",""dark""]",dry,1,story details,Hinahawakan ni Emma ang,na lupa.,"[""tuyong"",""basang"",""maitim""]",tuyong,FALSE
57,5c0f549d-d800-4a69-9e14-018355859716,Lola Ceding brought a small wooden box with tiny seeds and a,.,"[""trowel"",""watering can"",""rake""]",trowel,2,story details,Nagdala si Lola Ceding ng maliit na kahong may maliliit na buto at isang,.,"[""pala"",""regadera"",""kalaykay""]",pala,FALSE
58,5c0f549d-d800-4a69-9e14-018355859716,Max and Emma covered each seed with soil like tucking it,.,"[""into bed"",""into a bag"",""under a rock""]",into bed,4,characters feelings and traits,Tinakpan nina Max at Emma ang bawat buto ng lupa na parang sinasabitan ito,.,"[""ng kumot bago matulog"",""sa isang bag"",""sa ilalim ng bato""]",ng kumot bago matulog,FALSE
59,5c0f549d-d800-4a69-9e14-018355859716,Emma felt something warm,in her chest.,"[""bloom"",""freeze"",""fall""]",bloom,6,characters feelings and traits,Naramdaman ni Emma ang isang mainit na bagay na,sa kanyang dibdib.,"[""namumukadkad"",""nagyeyelo"",""nahuhulog""]",namumukadkad,FALSE
60,5c0f549d-d800-4a69-9e14-018355859716,Lola Ceding said the sun was like a warm,for growing things.,"[""hug"",""bath"",""push""]",hug,5,cause and effect,Sinabi ni Lola Ceding na ang araw ay parang mainit na,para sa mga tumutubo.,"[""yakap"",""paligo"",""tulak""]",yakap,FALSE
61,5c0f549d-d800-4a69-9e14-018355859716,Max tumbled backward into the grass while pulling out the,.,"[""weeds"",""seeds"",""pots""]",weeds,3,story details,Natumba si Max sa damuhan habang hinuhugot ang mga,.,"[""damo"",""buto"",""paso""]",damo,FALSE
62,15c357bf-814a-4644-b0e4-b57b8fd9d863,The world was dark and,at the start.,"[""lonely"",""bright"",""loud""]",lonely,1,identifying story elements,Ang mundo ay madilim at,sa simula.,"[""malungkot"",""maliwanag"",""maingay""]",malungkot,FALSE
63,15c357bf-814a-4644-b0e4-b57b8fd9d863,Bathala shaped the land using his strong,.,"[""hands"",""words"",""feet""]",hands,2,identifying story elements,Hinubog ni Bathala ang lupa gamit ang kanyang malakas na,.,"[""mga kamay"",""mga salita"",""mga paa""]",mga kamay,FALSE
64,15c357bf-814a-4644-b0e4-b57b8fd9d863,The sun and moon made the world no longer,.,"[""dark"",""empty"",""cold""]",dark,3,cause and effect,Ang araw at buwan ay ginawang hindi na,ang mundo.,"[""madilim"",""walang laman"",""malamig""]",madilim,FALSE
65,15c357bf-814a-4644-b0e4-b57b8fd9d863,Strong winds blew and the seas danced with big,.,"[""waves"",""trees"",""clouds""]",waves,4,identifying story elements,Malakas na hangin ang humihip at ang mga dagat ay sumayaw nang malaking,.,"[""alon"",""puno"",""ulap""]",alon,FALSE
66,15c357bf-814a-4644-b0e4-b57b8fd9d863,Big trees grew tall and,in the forest.,"[""straight"",""hollow"",""broken""]",straight,5,identifying story elements,Ang malalaking puno ay lumaki nang matangkad at,sa gubat.,"[""tuwid"",""pungkaw"",""sira""]",tuwid,FALSE
67,15c357bf-814a-4644-b0e4-b57b8fd9d863,"After the eggs hatched,",new life came.,"[""big and small animals appeared"",""the sky turned dark"",""the trees fell down""]",big and small animals appeared,6,sequencing events,"Pagkatapos mapisa ang mga itlog,",dumating ang bagong buhay.,"[""lumabas ang malalaki at maliliit na hayop"",""naging madilim ang langit"",""bumagsak ang mga puno""]",lumabas ang malalaki at maliliit na hayop,FALSE
68,15c357bf-814a-4644-b0e4-b57b8fd9d863,The man and woman who came from bamboo were good and,.,"[""kind"",""loud"",""tired""]",kind,7,infer characters feelings and traits,Ang lalaki at babaeng lumabas mula sa kawayan ay mabait at,.,"[""mapagmahal"",""maingay"",""pagod""]",mapagmahal,FALSE
69,15c357bf-814a-4644-b0e4-b57b8fd9d863,At the end of the story Bathala,because the world was full of people.,"[""smiled"",""cried"",""slept""]",smiled,8,infer characters feelings and traits,Sa katapusan ng kwento si Bathala ay,dahil puno ng tao ang mundo.,"[""ngumiti"",""umiyak"",""natulog""]",ngumiti,FALSE
70,7a66422b-d381-4383-b0a7-97cb41b54046,Emma is a student who loves,class.,"[""science"",""art"",""music""]",science,1,content vocabulary,Si Emma ay isang mag-aaral na mahilig sa,na klase.,"[""agham"",""sining"",""musika""]",agham,FALSE
71,7a66422b-d381-4383-b0a7-97cb41b54046,Emma looked at the number and felt,,"[""confused"",""happy"",""bored""]",confused,1,adjectives,Tumingin si Emma sa numero at naramdaman niya ang pagiging,,"[""nalito"",""masaya"",""naiinip""]",nalito,FALSE
72,7a66422b-d381-4383-b0a7-97cb41b54046,Ms. Reyes pointed to each number,.,"[""quickly"",""slowly"",""loudly""]",slowly,2,content vocabulary,Itinuro ni Gng. Reyes ang bawat numero,,"[""mabilis"",""dahan-dahan"",""malakas""]",dahan-dahan,FALSE
73,7a66422b-d381-4383-b0a7-97cb41b54046,Emma,the number softly.,"[""repeated"",""erased"",""wrote""]",repeated,3,verbs,, ni Emma ang numero nang marahan.,"[""Inulit"",""Binura"",""Isinulat""]",Inulit,FALSE
74,7a66422b-d381-4383-b0a7-97cb41b54046,Ms. Reyes wrote a,number on the board.,"[""new"",""old"",""broken""]",new,4,adjectives,Sumulat si Gng. Reyes ng,na numero sa pisara.,"[""bagong"",""lumang"",""sirang""]",bagong,FALSE
75,7a66422b-d381-4383-b0a7-97cb41b54046,Emma felt,when she saw the new number.,"[""nervous"",""excited"",""sleepy""]",nervous,4,adjectives,Naramdaman ni Emma ang pagiging,nang makita niya ang bagong numero.,"[""kinabahan"",""nasabik"",""inaantok""]",kinabahan,FALSE
76,7a66422b-d381-4383-b0a7-97cb41b54046,Emma took a deep,before answering.,"[""breath"",""step"",""look""]",breath,4,content vocabulary,Huminga si Emma nang,bago sumagot.,"[""malalim"",""mabilis"",""tahimik""]",malalim,FALSE
77,7a66422b-d381-4383-b0a7-97cb41b54046,The,clapped for Emma.,"[""class"",""teacher"",""principal""]",class,5,nouns,Pumalo ng palakpak ang,para kay Emma.,"[""klase"",""guro"",""punong-guro""]",klase,FALSE
78,7a66422b-d381-4383-b0a7-97cb41b54046,Emma,more numbers at her desk after class.,"[""practiced"",""forgot"",""avoided""]",practiced,6,verbs,, si Emma ng mas maraming numero sa kanyang mesa pagkatapos ng klase.,"[""Nag-ensayo"",""Nalimutan"",""Umiwas""]",Nag-ensayo,FALSE
79,7a66422b-d381-4383-b0a7-97cb41b54046,Emma was not,anymore after practicing.,"[""afraid"",""happy"",""curious""]",afraid,6,adjectives,Hindi na,si Emma pagkatapos ng pag-eensayo.,"[""natatakot"",""masaya"",""mausisa""]",natatakot,FALSE
80,7a66422b-d381-4383-b0a7-97cb41b54046,Numbers were no longer a,for Emma.,"[""problem"",""game"",""mystery""]",problem,7,content vocabulary,Hindi na,para kay Emma ang mga numero.,"[""problema"",""laro"",""misteryo""]",problema,FALSE
81,fca6ddca-9bbb-4afc-9566-8ff066c7d52e,Bill placed his money box on a,table in his treehouse.,"[""round"",""square"",""big""]",square,1,adjectives,Inilagay ni Bill ang kanyang kahon ng pera sa,na mesa sa kanyang treehouse.,"[""bilog"",""parisukat"",""malaki""]",parisukat,FALSE
82,fca6ddca-9bbb-4afc-9566-8ff066c7d52e,Bill remembered his,to save money and bought only the grapes.,"[""dream"",""goal"",""fear""]",goal,3,content vocabulary,Naaalala ni Bill ang kanyang,na makatipid ng pera kaya binili niya ang ubas.,"[""pangarap"",""layunin"",""takot""]",layunin,FALSE
83,fca6ddca-9bbb-4afc-9566-8ff066c7d52e,Bill's wise choices,his friends to save their money too.,"[""inspired"",""stopped"",""confused""]",inspired,5,verbs,Ang matalinong pagpili ni Bill ay,ang kanyang mga kaibigan na magtipid din ng pera.,"[""nagbigay-inspirasyon"",""huminto"",""nalito""]",nagbigay-inspirasyon,FALSE
84,4c78f240-dcd3-4444-9bdc-e882b094e7e6,Bill is a,monkey who found a shiny gold coin.,"[""clever"",""lazy"",""angry""]",clever,1,adjectives,Si Bill ay isang,na unggoy na nakahanap ng makinang na gintong barya.,"[""matalino"",""tamad"",""galit""]",matalino,FALSE
85,4c78f240-dcd3-4444-9bdc-e882b094e7e6,Bill went to the busy,to look for things on sale.,"[""market"",""forest"",""school""]",market,2,content vocabulary,Pumunta si Bill sa abalang,upang maghanap ng mga bagay na may sale.,"[""palengke"",""gubat"",""paaralan""]",palengke,FALSE
86,7b49d92b-4cde-4cb9-8032-59563b1099a3,The guardians of Wawa Dam,the villagers warmly.,"[""greeted"",""ignored"",""avoided""]",greeted,1,verbs,Ang mga tagapag-alaga ng Wawa Dam ay,nang mainit sa mga villager.,"[""binati"",""binabalewala"",""iniwasan""]",binati,FALSE
87,7b49d92b-4cde-4cb9-8032-59563b1099a3,Bernardo and Maria shared that proper waste,is important to protect the environment.,"[""disposal"",""collection"",""creation""]",disposal,2,content vocabulary,Ibinahagi nina Bernardo at Maria na ang tamang,ng basura ay mahalaga para sa kapaligiran.,"[""pagtatapon"",""pagtitipon"",""paggawa""]",pagtatapon,FALSE
88,7b49d92b-4cde-4cb9-8032-59563b1099a3,The villagers promised to throw away their waste,"correctly, proving Maria and Bernardo's,influence.","[""transformative"",""harmful"",""careless""]",transformative,3,adjectives,Nangako ang mga villager na itatapon ang kanilang basura,"nang tama, patunay ng,impluwensya nina Maria at Bernardo.","[""mapagbabago"",""mapanganib"",""pabaya""]",mapagbabago,FALSE
89,7b49d92b-4cde-4cb9-8032-59563b1099a3,Bernardo and Maria,the area using square tile units to determine how many rocks they needed.,"[""estimated"",""ignored"",""painted""]",estimated,4,verbs,Sina Bernardo at Maria ay,ng lugar gamit ang mga square tile units upang malaman kung gaano karaming bato ang kailangan nila.,"[""tinantya"",""binabalewala"",""pininta""]",tinantya,FALSE
90,7b49d92b-4cde-4cb9-8032-59563b1099a3,The old spirit threatened to,the water from flowing through the fields.,"[""stop"",""increase"",""clean""]",stop,5,content vocabulary,Nagbanta ang matandang espiritu na,ang daloy ng tubig sa mga bukid.,"[""pigilan"",""dagdagan"",""linisin""]",pigilan,FALSE
91,421ff269-859d-455e-a5e7-7b020cdd6984,A giant eagle came from the,sky.,"[""blue"",""dark"",""cloudy""]",blue,1,adjectives,Isang malaking agila ang nanggaling sa,na langit.,"[""asul"",""madilim"",""maulap""]",asul,FALSE
92,421ff269-859d-455e-a5e7-7b020cdd6984,Apo spoke to the eagle with,and care.,"[""anger"",""sincerity"",""fear""]",sincerity,3,content vocabulary,Nagsalita si Apo sa agila nang may,at pagmamahal.,"[""galit"",""katapatan"",""takot""]",katapatan,FALSE
93,421ff269-859d-455e-a5e7-7b020cdd6984,The gods said that Apo will,this land forever.,"[""leave"",""guard"",""forget""]",guard,4,verbs,Sinabi ng mga diyos na si Apo ay,ang lupaing ito magpakailanman.,"[""umalis"",""magbabantay"",""malilimutan""]",magbabantay,FALSE
94,421ff269-859d-455e-a5e7-7b020cdd6984,The people named it Mount Apo to,him.,"[""forget"",""honor"",""challenge""]",honor,5,content vocabulary,Pinangalanan ng mga tao itong Bundok Apo upang,siya.,"[""kalimutan"",""parangalan"",""hamunin""]",parangalan,FALSE
95,421ff269-859d-455e-a5e7-7b020cdd6984,Those who pass by remember his name and tell his,.,"[""tale"",""food"",""nest""]",tale,5,nouns,Ang mga dumadaan ay naalala ang kanyang pangalan at ikinukuwento ang kanyang,.,"[""kuwento"",""pagkain"",""pugad""]",kuwento,FALSE
