id,story_id,title,module,level,description,class_id
1,10efe7f8-1a53-4717-9d8b-cdd50d736fbd,Mila's Magic,vocab,1,Mila the monkey goes on an adventure!,
2,47157988-cb0f-4747-bbc2-36ddf520ff6b,Filipino Presidents,information,1,The different presidents and their economic policies,
3,8e367b1b-d702-4cb8-bd83-8304f365fd99,The Hero's Journey,narrative,1,The journey of a hero across the world,
4,7a066e98-d41a-4ea4-89fc-ef73ae915bbd,Vocab Level 2,vocab,2,,
5,bfc3b814-2dea-4ce3-91dd-103da5b1731a,Vocab Level 3,vocab,3,,
6,72c0e84d-b309-4548-9749-cdb781786a72,Vocab level 4,vocab,4,,
30,a351097b-2e32-4d98-9d33-5c8f7fe824ab,Ultimate Story,teachers_pick,1,I'm working on a Sunday,32018df3-cb74-4237-9e4a-ca80de73812a
31,447f0037-9686-4f96-b0de-95c9bc6f8aa8,Test Story,teachers_pick,1,Test Description,32018df3-cb74-4237-9e4a-ca80de73812a
32,3c51ab3d-ca40-42dd-810a-4cf2cd622c26,test story,teachers_pick,1,description,32018df3-cb74-4237-9e4a-ca80de73812a
33,828e7a23-82e5-45d3-9466-e9daf113973b,What story is this again?,teachers_pick,1,I don't know,32018df3-cb74-4237-9e4a-ca80de73812a
34,885c73c2-2312-4ca2-9955-c74877da9a43,Test Story,teachers_pick,1,Test Description,32018df3-cb74-4237-9e4a-ca80de73812a
39,bbf7d3de-b6eb-444a-a68d-0cbffb3f4615,test,teachers_pick,1,test,32018df3-cb74-4237-9e4a-ca80de73812a
40,6321dd29-c310-49aa-9844-ab64188d5006,safasd,teachers_pick,1,fasdfasdf,32018df3-cb74-4237-9e4a-ca80de73812a
41,c1526a26-08a9-4532-b5c6-da6b1a17ed49,fgdsfgsdf,teachers_pick,1,gsdfgsdfg,32018df3-cb74-4237-9e4a-ca80de73812a
42,1515efab-afcb-4779-bb32-08774075b40c,asdfasdf,teachers_pick,1,asdfasdf,32018df3-cb74-4237-9e4a-ca80de73812a
43,4ea07e81-96e4-4864-b398-bd4a157bc2f5,test,teachers_pick,1,asdfasdf,32018df3-cb74-4237-9e4a-ca80de73812a
44,fad71856-2621-440b-95bc-c27a9acf8c75,test,teachers_pick,1,test,32018df3-cb74-4237-9e4a-ca80de73812a
45,410a3cc7-a7ca-4872-9429-fc3590b580ee,test,teachers_pick,1,testasdf,32018df3-cb74-4237-9e4a-ca80de73812a
46,7fec4378-0880-43f2-8dc4-3c1db16a1975,test,teachers_pick,1,sdfasdf,32018df3-cb74-4237-9e4a-ca80de73812a
47,9ccc0c70-7948-4ba7-a7b8-afcd970b29b3,test,teachers_pick,1,test,32018df3-cb74-4237-9e4a-ca80de73812a
48,6cc37058-790f-4d26-83d4-f16e256a442a,test,teachers_pick,1,test,32018df3-cb74-4237-9e4a-ca80de73812a
49,e2f8826e-99e2-4fe2-802b-9c22196e8b3c,test,teachers_pick,1,desc,32018df3-cb74-4237-9e4a-ca80de73812a
50,e7879316-94d2-4764-8211-b0ba70ca41f8,test,teachers_pick,1,test,32018df3-cb74-4237-9e4a-ca80de73812a