id,story_id,pairs,after_page,skill,is_standalone
1,10efe7f8-1a53-4717-9d8b-cdd50d736fbd,"{""object"":""thing"",""chair"":""seat"",""forest"":""jungle""}",3,synonyms and antonyms,FALSE
4,a351097b-2e32-4d98-9d33-5c8f7fe824ab,"{""Crying"":""Studying"",""Happy"":""Eating"",""Angry"":""Inconveniences""}",2,story details,FALSE
5,828e7a23-82e5-45d3-9466-e9daf113973b,"{""Eat"":""Devour"",""Sleep"":""Rest"",""Study"":""Learn""}",2,synonyms and antonyms,FALSE
6,885c73c2-2312-4ca2-9955-c74877da9a43,"{""Sleep"":""Nap"",""Eat"":""Devour"",""Study"":""Learn""}",2,synonyms and antonyms,FALSE
7,c1526a26-08a9-4532-b5c6-da6b1a17ed49,{},1,story details,FALSE
8,1515efab-afcb-4779-bb32-08774075b40c,"{""sdfasdf"":""asdf"",""asdf"":""sdf""}",1,story details,FALSE
9,e2f8826e-99e2-4fe2-802b-9c22196e8b3c,"{""1"":""one"",""2"":""two"",""3"":""three""}",1,synonyms and antonyms,FALSE
10,18ca8bb2-5915-4988-8d2e-bb0b7c6f73a8,"{""dam"":""A wall that holds water"",""mythical"":""Imaginary or from a story"",""preserve"":""Keep safe"",""guardians"":""People who protect something"",""villagers"":""People who live in the village""}",3,content vocabulary,FALSE
11,18667b4a-ec48-4961-b9db-3fcc87cbea83,"{""Market"":""Pamilihan"",""Bananas"":""Saging"",""Coin"":""Barya""}",3,synonyms and antonyms,FALSE
12,85489db2-366b-4aba-bfec-d415e07ea58b,"{""Happy"":""Glad"",""Talents"":""Skills"",""Make"":""Create""}",3,synonyms and antonyms,FALSE
13,2b0643d1-1d18-423e-8133-d8b24647254b,"{""Recycle"":""Use again for another purpose"",""Reduce"":""Use less"",""Reuse"":""Use again""}",4,content vocabulary,FALSE
14,706535eb-a87d-4188-9b20-f788aed4adbe,"{""Something you hear"":""Isang bagay na naririnig"",""Something you see"":""Isang bagay na nakikita"",""Something you eat"":""Isang bagay na kinakain"",""Something you draw"":""Isang bagay na iginuguhit""}",3,drawing  conclusions,FALSE
15,2ce3e546-10e8-4a72-9334-b94bba0b7b8c,"{""Iron"":""Buildings"",""Aluminum"":""Beverage Cans"",""Copper"":""Electrical Wires""}",4,key details,FALSE
16,f03b0670-cbc8-467c-906e-c108fad4e429,"{""Bowl"":""Holding food"",""Vase"":""Decoration"",""Tile"":""Making homes beautiful""}",2,key details,FALSE
17,927fe3d2-9718-4ada-9e9d-0d70103c7f3f,"{""First"":""Shows the beginning step"",""Next"":""Shows the step after the first"",""Finally"":""Shows the last step""}",5,discourse markers,FALSE
18,8e9d748c-e988-45d2-866b-59031ac5b36f,"{""Trunk"":""Building houses"",""Leaves"":""Roofs"",""Coconut fruit"":""Food and oil""}",2,text structure,FALSE
19,3cc95d2b-ebba-4c87-9af9-960bd2f6ae26,"{""Protect marine animals"":""Balanced marine environment"",""Reduce ocean pollution"":""Safer habitat for sea life"",""Care for the ocean"":""Healthier ocean ecosystem""}",4,text structure,FALSE
20,03acea88-a70a-4915-bf30-60a3428ddd1c,"{""kitten"":""munting pusa"",""garden"":""hardin"",""fur"":""balahibo""}",1,story details,FALSE
21,03acea88-a70a-4915-bf30-60a3428ddd1c,"{""scared"":""takot"",""quiet"":""tahimik"",""lost"":""nawawala""}",2,characters feelings and traits,FALSE
22,03acea88-a70a-4915-bf30-60a3428ddd1c,"{""stars"":""bituin"",""dark"":""madilim"",""sky"":""langit""}",4,story details,FALSE
23,03acea88-a70a-4915-bf30-60a3428ddd1c,"{""thankful"":""nagpapasalamat"",""happy"":""masaya"",""peaceful"":""mapayapa""}",5,characters feelings and traits,FALSE
24,03acea88-a70a-4915-bf30-60a3428ddd1c,"{""trash"":""basura"",""stems"":""tangkay"",""bloomed"":""namukadkad""}",7,problem and solution,FALSE
25,5c0f549d-d800-4a69-9e14-018355859716,"{""lonely"":""feeling of being alone or empty"",""sprouts"":""young plants just starting to grow"",""trowel"":""a small tool used for digging soil"",""precious"":""something very important or valuable""}",2,story details,FALSE
26,5c0f549d-d800-4a69-9e14-018355859716,"{""Emma"":""felt something warm bloom in her chest"",""Max"":""tumbled backward while pulling weeds"",""Lola Ceding"":""brought a secret planting map""}",6,characters feelings and traits,FALSE
27,15c357bf-814a-4644-b0e4-b57b8fd9d863,"{""Bathala"":""the creator of the world"",""bamboo"":""where the first man and woman came from"",""islands"":""home for all people""}",8,identifying story elements,FALSE
28,15c357bf-814a-4644-b0e4-b57b8fd9d863,"{""dark"":""lonely"",""mountains"":""land"",""waves"":""sea""}",4,identifying story elements,FALSE
29,15c357bf-814a-4644-b0e4-b57b8fd9d863,"{""birds"":""flew in the sky"",""fish"":""swam in the sea"",""people"":""lived on the islands""}",8,identifying story elements,FALSE
30,7a66422b-d381-4383-b0a7-97cb41b54046,"{""confused"":""unsure"",""special"":""unique"",""repeated"":""said again""}",1,synonyms and antonyms,FALSE
31,7a66422b-d381-4383-b0a7-97cb41b54046,"{""slowly"":""quickly"",""nervous"":""calm"",""new"":""old""}",2,synonyms and antonyms,FALSE
32,7a66422b-d381-4383-b0a7-97cb41b54046,"{""digit"":""a single number"",""place value"":""the value of a digit based on its position"",""thousands"":""the place of the first digit in a 4-digit number""}",3,content vocabulary,FALSE
33,7a66422b-d381-4383-b0a7-97cb41b54046,"{""Emma"":""noun"",""walked"":""verb"",""nervous"":""adjective""}",4,nouns,FALSE
34,7a66422b-d381-4383-b0a7-97cb41b54046,"{""practiced"":""verb"",""careful"":""adjective"",""desk"":""noun""}",6,verbs,FALSE
35,4c78f240-dcd3-4444-9bdc-e882b094e7e6,"{""clever"":""smart"",""shiny"":""gleaming"",""cheap"":""affordable""}",1,synonyms and antonyms,FALSE
36,4c78f240-dcd3-4444-9bdc-e882b094e7e6,"{""save"":""to keep money for later"",""market"":""a place to buy and sell goods"",""change"":""coins returned after paying""}",2,content vocabulary,FALSE
37,4c78f240-dcd3-4444-9bdc-e882b094e7e6,"{""diligently"":""hardworking and careful"",""popular"":""well-liked by many"",""example"":""a model for others to follow""}",3,synonyms and antonyms,FALSE
38,4c78f240-dcd3-4444-9bdc-e882b094e7e6,"{""gathered"":""brought together"",""manage"":""to handle or take care of"",""strategies"":""smart plans""}",4,content vocabulary,FALSE
39,fca6ddca-9bbb-4afc-9566-8ff066c7d52e,"{""cozy"":""comfortable"",""shiny"":""gleaming"",""fresh"":""new""}",1,synonyms and antonyms,FALSE
40,b49d92b-4cde-4cb9-8032-59563b1099a3,"{""inspired"":""motivated"",""eager"":""excited"",""wise"":""smart""}",5,synonyms and antonyms,FALSE
41,7b49d92b-4cde-4cb9-8032-59563b1099a3,"{""greeted"":""welcomed"",""thoughtlessly"":""carelessly"",""mythical"":""legendary""}",1,synonyms and antonyms,FALSE
42,7b49d92b-4cde-4cb9-8032-59563b1099a3,"{""pollutants"":""harmful substances"",""educating"":""teaching"",""gratitude"":""thankfulness""}",2,content vocabulary,FALSE
43,7b49d92b-4cde-4cb9-8032-59563b1099a3,"{""transformative"":""life-changing"",""oversight"":""neglect"",""preserve"":""protect""}",3,synonyms and antonyms,FALSE
44,7b49d92b-4cde-4cb9-8032-59563b1099a3,"{""estimated"":""calculated approximately"",""rectangular"":""four-sided shape"",""efficiently"":""in a well-organized way""}",4,content vocabulary,FALSE
45,7b49d92b-4cde-4cb9-8032-59563b1099a3,"{""sympathize"":""understand feelings"",""conservation"":""protection of nature"",""commitment"":""dedication""}",5,content vocabulary,FALSE
46,421ff269-859d-455e-a5e7-7b020cdd6984,"{""flew"":""soared"",""nest"":""home"",""shone"":""glowed""}",1,synonyms and antonyms,FALSE
47,421ff269-859d-455e-a5e7-7b020cdd6984,"{""calmly"":""peacefully"",""bravery"":""courage"",""return"":""give back""}",3,synonyms and antonyms,FALSE
48,421ff269-859d-455e-a5e7-7b020cdd6984,"{""eagle"":""noun"",""ran"":""verb"",""high"":""adjective""}",2,nouns,FALSE
49,421ff269-859d-455e-a5e7-7b020cdd6984,"{""guard"":""protect"",""honor"":""respect"",""safe"":""secure""}",5,synonyms and antonyms,FALSE
50,421ff269-859d-455e-a5e7-7b020cdd6984,"{""sincerity"":""honesty"",""amazed"":""surprised"",""noble"":""honorable""}",3,content vocabulary,FALSE
