id,story_id,question,choices,answer,after_page,skill,tagalog_question,tagalog_choices,is_standalone,hint,explanation
1,10efe7f8-1a53-4717-9d8b-cdd50d736fbd,"What does 
“mountainous” mean?","{""1"":""Many fruits"",""2"":""Many mountains"",""3"":""Many trees""}",2,2.0,synonyms and antonyms,"Ano ang ibig sabihin ng ""bulubundukin""?","{""1"":""Maraming Prutas"",""2"":""Maraming Bundok"",""3"":""Maraming Puno""}",False,The root word inside 'mountainous' is 'mountain' — the suffix '-ous' means 'full of'.,"Correct! 'Mountainous' means full of mountains, so a mountainous place has many mountains."
2,47157988-cb0f-4747-bbc2-36ddf520ff6b,Who was our first president?,"{""1"":""Manuel Roxas"",""2"":""Emilio Aguinaldo""}",2,,,none,{},False,Think about who led the very first Philippine government after the declaration of independence.,Correct! Emilio Aguinaldo was the first president of the Philippines.
3,10efe7f8-1a53-4717-9d8b-cdd50d736fbd,What fruits are in the forest?,"{""1"":""Only papaya"",""2"":""Only Durian"",""3"":""Banana, Papaya, and Durian""}",3,2.0,story details,Anong prutas ang nasa gubat?,"{""1"":""Papaya lang"",""2"":""Durian lang"",""3"":""Banana, Papaya, at Durian""}",False,Look back at the part of the story that lists what grows in the forest — count how many fruits are mentioned.,"Correct! The story mentions banana, papaya, and durian growing in the forest."
10,a351097b-2e32-4d98-9d33-5c8f7fe824ab,What did the student eat,"{""1"":""Chocolate"",""2"":""Steak"",""3"":""Pancit Canton""}",3,1.0,story details,Ano yung kinain ng studyante?,"{""1"":""Tsokolate"",""2"":""Steak"",""3"":""Pancit Canton""}",False,Think about the kind of food a Filipino student would commonly eat as a quick meal.,Correct! The student ate pancit canton according to the story.
11,447f0037-9686-4f96-b0de-95c9bc6f8aa8,Test Question,"{""1"":""C1"",""2"":""C2"",""3"":""C3""}",2,1.0,story details,none,{},False,,
12,3c51ab3d-ca40-42dd-810a-4cf2cd622c26,mulcho 1,"{""1"":""c1"",""2"":""c2"",""3"":""c3""}",1,1.0,story details,none,{},False,,
13,828e7a23-82e5-45d3-9466-e9daf113973b,Answer is 2,"{""1"":""1"",""2"":""2"",""3"":""3""}",2,1.0,story details,none,{},False,,
14,885c73c2-2312-4ca2-9955-c74877da9a43,Multiple Choice - Answer is 2,"{""1"":""C1"",""2"":""C2"",""3"":""C3""}",2,1.0,story details,none,{},False,,
15,7bf43c27-caff-4587-a9fb-5eff9ce41719,,"{""1"":"""",""2"":"""",""3"":""""}",,1.0,story details,none,{},False,,
17,bbf7d3de-b6eb-444a-a68d-0cbffb3f4615,test,"{""1"":""sdfsdf"",""2"":""asdfasdf"",""3"":""asdfasdf""}",3,1.0,story details,none,{},False,,
18,e2f8826e-99e2-4fe2-802b-9c22196e8b3c,test,"{""2"":""e2"",""3"":""e3"",""5"":""e""}",e3,1.0,story details,none,{},False,,
19,e7879316-94d2-4764-8211-b0ba70ca41f8,est,"{""1"":""e1"",""2"":""e2"",""3"":""e3""}",e1,1.0,story details,tagalogtest,"{""1"":""t1"",""2"":""t2"",""3"":""t3""}",False,,
20,18ca8bb2-5915-4988-8d2e-bb0b7c6f73a8,What is a dam?,"{""1"":""A place to play"",""2"":""A wall that holds water"",""3"":""A kind of animal"",""4"":""A story""}",2,1.0,content vocabulary,Ano ang prinsa?,"{""1"":""Lugar na mapaglalaruan"",""2"":""Pader na pumipigil sa tubig"",""3"":""Isang uri ng hayop"",""4"":""Isang kuwento""}",False,A dam is a structure built across rivers — think about what it does to the water that flows toward it.,"Correct! A dam is a wall that holds water back, often used to store water or generate power."
21,18ca8bb2-5915-4988-8d2e-bb0b7c6f73a8,What are guardians?,"{""1"":""People who protect something"",""2"":""People who throw trash"",""3"":""People who live far away"",""4"":""Animals""}",1,2.0,content vocabulary,Ano ang mga tagapag-tanggol?,"{""1"":""Mga taong nagpoprotekta sa isang bagay"",""2"":""Mga taong nagtatapon ng basura"",""3"":""Mga taong nakatira sa malayo"",""4"":""Mga Hayop""}",False,The word 'guard' is inside 'guardian' — guards keep things safe.,Correct! Guardians are people whose job is to protect something or someone.
22,18ca8bb2-5915-4988-8d2e-bb0b7c6f73a8,What does mythical mean?,"{""1"":""Real"",""2"":""Imaginary or from a story"",""3"":""Dangerous"",""4"":""Old""}",2,5.0,content vocabulary,Ano ang ibig sabihin ng mitolohiko?,"{""1"":""Totoo"",""2"":""Imahinasyon o Mula sa kuwento"",""3"":""Mapanganib"",""4"":""Luma""}",False,"'Mythical' shares a root with 'myth', which is a kind of made-up story.","Correct! 'Mythical' means imaginary or coming from a story or legend, not real."
23,18667b4a-ec48-4961-b9db-3fcc87cbea83,What did Bill find?,"{""1"":""Leaf"",""2"":""Coin"",""3"":""Banana""}",2,1.0,content vocabulary,Ano ang nahanap ni Bill?,"{""1"":""Dahon"",""2"":""Barya"",""3"":""Saging""}",False,Look back at the moment in the story when Bill picks something up off the ground.,Correct! Bill found a coin in the story.
24,18667b4a-ec48-4961-b9db-3fcc87cbea83,Why did Bill become known as the smartest monkey?,"{""1"":""He played all day"",""2"":""He saved coins and bought cheap food"",""3"":""He slept a lot""}",2,4.0,word functions,Bakit nakilala si Bill bilang isang matalinong unggoy?,"{""1"":""Naglaro siya buong araw"",""2"":""Nag-ipon siya ng barya at bumili ng murang pagkain"",""3"":""Madalas siyang matulog""}",False,Think about why being 'smart' with money matters — what did Bill do that others didn't?,Correct! Bill became known as the smartest monkey because he saved his coins and bought cheaper food.
25,85489db2-366b-4aba-bfec-d415e07ea58b,Which word tells about the village?,"{""1"":""Live"",""2"":""Small"",""3"":""Village""}",2,1.0,word functions,Aling salita ang nagsasaad tungkol sa nayon?,"{""1"":""Nakatira"",""2"":""Maliit"",""3"":""Baryo""}",False,Look for a describing word — one that tells you what KIND of village it was.,Correct! 'Small' is the describing word that tells about the village.
26,85489db2-366b-4aba-bfec-d415e07ea58b,What did I see in the forest?,"{""1"":""Dog"",""2"":""Cat"",""3"":""Pilandok""}",3,5.0,content vocabulary,Ano ba ang nakita ko sa kagubatan?,"{""1"":""Aso"",""2"":""Pusa"",""3"":""Pilandok""}",False,The story is set in a Philippine forest — think of an animal famously found there.,Correct! The narrator saw a pilandok (a small mouse-deer) in the forest.
27,05d87818-b7e7-4547-9bd1-519ad6af9a25,What does the phrase 'bright idea' most nearly mean?,"{""1"":""A smart plan"",""2"":""A glowing light"",""3"":""A colorful drawing""}",1,1.0,content vocabulary,Ano ang ibig sabihin ng 'bright idea' sa pangungusap?,"{""1"":""Matalinong plano"",""2"":""Maliwanag na ilaw"",""3"":""Makulay na guhit""}",False,'Bright' here doesn't mean 'shiny' — it can also describe how clever something is.,Correct! A 'bright idea' is a smart or clever plan.
28,05d87818-b7e7-4547-9bd1-519ad6af9a25,What does parallel mean in the sentence?,"{""1"":""Lines that never meet"",""2"":""Lines that cross"",""3"":""Lines that disappear""}",1,3.0,content vocabulary,Ano ang ibig sabihin ng parallel sa pangungusap?,"{""1"":""Mga linyang hindi nagtatagpo"",""2"":""Mga linyang nagkakasalubong"",""3"":""Mga linyang nawawala""}",False,Think of train tracks — they run alongside each other but don't touch.,Correct! 'Parallel' lines go side by side and never meet.
29,05d87818-b7e7-4547-9bd1-519ad6af9a25,Which word means the same as smiled?,"{""1"":""Grinned"",""2"":""Cried"",""3"":""Shouted""}",1,5.0,synonyms and antonyms,Aling salita ang kasingkahulugan ng smiled?,"{""1"":""Ngumiti"",""2"":""Umiyak"",""3"":""Sumigaw""}",False,"Think of a word that describes a small, happy facial expression similar to smiling.",Correct! 'Grinned' means the same as smiled.
30,2b0643d1-1d18-423e-8133-d8b24647254b,What does 'first light of dawn' mean?,"{""1"":""Early morning light"",""2"":""Bright afternoon sun"",""3"":""A shining lamp""}",1,1.0,content vocabulary,Ano ang ibig sabihin ng 'first light of dawn'?,"{""1"":""Unang liwanag ng umaga"",""2"":""Maliwanag na araw sa hapon"",""3"":""Maliwanag na lampara""}",False,'Dawn' is the time of day just as the sun starts to rise.,Correct! The 'first light of dawn' refers to the early morning light.
31,2b0643d1-1d18-423e-8133-d8b24647254b,Which word means the same as discover?,"{""1"":""Find"",""2"":""Hide"",""3"":""Forget""}",1,2.0,synonyms and antonyms,"Habang sinusuri ang mga tangkay at dahon, natuklasan ng kuting ang mundong puno ng mga kababalaghan.","{""1"":""Matuklasan"",""2"":""Itago"",""3"":""Kalimutan""}",False,To 'discover' something is to come upon it for the first time.,Correct! 'Find' means the same as discover.
32,2b0643d1-1d18-423e-8133-d8b24647254b,What does 'found its place in the world' most nearly mean?,"{""1"":""Felt that it belonged"",""2"":""Lost its way"",""3"":""Climbed a tree""}",1,5.0,content vocabulary,Ano ang ibig sabihin ng 'natagpuan ang kanyang lugar sa mundo'?,"{""1"":""Naramdaman na siya ay nababagay doon"",""2"":""Naligaw ng landas"",""3"":""Umakyat sa puno""}",False,Think about feeling 'at home' somewhere — like you belong there.,Correct! 'Found its place in the world' means the character felt that it belonged.
33,706535eb-a87d-4188-9b20-f788aed4adbe,Where is Emma?,"{""1"":""In a park"",""2"":""In a science class"",""3"":""In a store"",""4"":""In a bus""}",2,1.0,key details,Nasaan si Emma?,"{""1"":""Sa parke"",""2"":""Sa klase ng agham"",""3"":""Sa tindahan"",""4"":""Sa bus""}",False,Look back at page 1 for the setting — where lessons about science are taught.,Correct! Emma is in a science class.
34,706535eb-a87d-4188-9b20-f788aed4adbe,What is the sound called when it comes back?,"{""1"":""Light"",""2"":""Wind"",""3"":""Echo"",""4"":""Rain""}",3,4.0,key details,Ano ang tawag sa tunog kapag ito ay bumabalik?,"{""1"":""Liwanag"",""2"":""Hangin"",""3"":""Echo"",""4"":""Ulan""}",False,Think of the bouncing-back sound you hear in a canyon or empty room.,"Correct! When a sound comes back to you, it's called an echo."
35,2ce3e546-10e8-4a72-9334-b94bba0b7b8c,What important material did early humans use to survive?,"{""1"":""Metal"",""2"":""Wood"",""3"":""Stones"",""4"":""Plastic""}",3,1.0,key details,Anong mahalagang materyal ang ginamit ng mga sinaunang tao upang mabuhay?,"{""1"":""Metal"",""2"":""Kahoy"",""3"":""Bato"",""4"":""Plastik""}",False,Think about what early humans used before metal tools were invented.,Correct! Early humans used stones to make tools and survive.
36,2ce3e546-10e8-4a72-9334-b94bba0b7b8c,Which metal is used to make tools and structures?,"{""1"":""Copper"",""2"":""Iron"",""3"":""Aluminum"",""4"":""Gold""}",2,3.0,key details,Aling metal ang ginagamit sa paggawa ng mga kasangkapan at istruktura?,"{""1"":""Tanso"",""2"":""Bakal"",""3"":""Aluminyo"",""4"":""Ginto""}",False,"This metal is heavy, strong, and used for things like buildings and machines.",Correct! Iron is the metal used to make tools and structures.
37,2ce3e546-10e8-4a72-9334-b94bba0b7b8c,Why is copper used in electrical wires?,"{""1"":""It floats in water"",""2"":""It conducts electricity well"",""3"":""It is very soft""}",2,5.0,drawing conclusions,Bakit ginagamit ang tanso sa mga kable ng kuryente?,"{""1"":""Ito ay lumulutang sa tubig"",""2"":""Ito ay mahusay na nagdadala ng kuryente"",""3"":""Ito ay napakalambot""}",False,Copper has a special property that allows electricity to flow through it easily.,Correct! Copper is used in wires because it conducts electricity well.
38,f03b0670-cbc8-467c-906e-c108fad4e429,What material becomes hard and strong when it dries?,"{""1"":""Sand"",""2"":""Water"",""3"":""Clay"",""4"":""Leaves""}",3,1.0,key details,Anong materyal ang nagiging matigas at malakas kapag natuyo?,"{""1"":""Buhangin"",""2"":""Tubig"",""3"":""Clay"",""4"":""Dahon""}",False,"Think about what potters use — soft when wet, hard when baked or dried.",Correct! Clay becomes hard and strong when it dries.
39,f03b0670-cbc8-467c-906e-c108fad4e429,What problem can happen when clay soil gets very wet?,"{""1"":""Plants grow faster"",""2"":""The ground becomes unstable"",""3"":""The soil turns into sand"",""4"":""The clay disappears""}",2,5.0,drawing conclusions,Anong problema ang maaaring mangyari kapag basang-basa ang luwad na lupa?,"{""1"":""Lalong lumago ang mga halaman"",""2"":""Ang lupa ay nagiging hindi matatag"",""3"":""Ang lupa ay nagiging buhangin"",""4"":""Ang luwad ay nawawala""}",False,Wet clay is slippery and heavy — think about what that does to the ground beneath buildings or roads.,"Correct! When clay soil gets very wet, the ground can become unstable."
40,927fe3d2-9718-4ada-9e9d-0d70103c7f3f,Why is it important to choose a box that fits the gift?,"{""1"":""The box will be heavier"",""2"":""The gift will become bigger"",""3"":""The wrapping paper will cover the gift properly"",""4"":""The ribbon will become longer""}",3,1.0,drawing conclusions,Bakit mahalagang pumili ng kahon na akma sa regalo?,"{""1"":""Magiging mas mabigat ang kahon"",""2"":""Lalaki ang regalo"",""3"":""Tatakpan nang maayos ng papel na pambalot ang regalo"",""4"":""Magiging mas mahaba ang laso""}",False,"If a box is too big or too small, the paper might not fit around it nicely.",Correct! A box that fits the gift means the wrapping paper will cover it properly.
41,927fe3d2-9718-4ada-9e9d-0d70103c7f3f,What might happen if there is too little wrapping paper?,"{""1"":""The ribbon will break"",""2"":""The gift may not be fully covered"",""3"":""The box will get bigger"",""4"":""The paper will become stronger""}",2,3.0,drawing conclusions,Ano ang maaaring mangyari kung masyadong maliit ang pambalot na papel?,"{""1"":""Masisira ang laso"",""2"":""Maaaring hindi ganap na sakop ang regalo"",""3"":""Lalaki ang kahon"",""4"":""Lalong lalakas ang papel""}",False,"If you don't have enough of something to wrap all the way around, parts will be exposed.","Correct! With too little wrapping paper, the gift may not be fully covered."
42,8e9d748c-e988-45d2-866b-59031ac5b36f,Why is the coconut tree called the 'Tree of Life'?,"{""1"":""It grows taller than other trees"",""2"":""It produces many flowers"",""3"":""Many parts of the tree are useful to people"",""4"":""It grows only near the sea""}",3,1.0,drawing conclusions,"Bakit tinawag na ""Puno ng Buhay"" ang puno ng niyog?","{""1"":""Tumataas ito kaysa sa ibang mga puno"",""2"":""Nagbubunga ito ng maraming bulaklak"",""3"":""Maraming bahagi ng puno ang kapaki-pakinabang sa mga tao"",""4"":""Tumutubo lamang ito malapit sa dagat""}",False,"Think about how many things you can make from a coconut — food, drink, materials, and more.",Correct! The coconut tree is called the 'Tree of Life' because many parts of it are useful to people.
43,8e9d748c-e988-45d2-866b-59031ac5b36f,What might happen if there were no coconut trees in some areas?,"{""1"":""The soil may wash away more easily"",""2"":""The coconuts would grow bigger"",""3"":""Houses would grow taller"",""4"":""The weather would become colder""}",1,3.0,drawing conclusions,Ano ang maaaring mangyari kung walang puno ng niyog sa ilang lugar?,"{""1"":""Maaaring mas madaling maligo ang lupa"",""2"":""The coconuts would grow bigger"",""3"":""Houses would grow taller"",""4"":""The weather would become colder""}",False,"Tree roots help hold soil in place — without them, what happens to the ground?","Correct! Without coconut trees, the soil may wash away more easily."
44,8e9d748c-e988-45d2-866b-59031ac5b36f,Which statement best explains why people should protect coconut trees?,"{""1"":""They grow faster than other trees"",""2"":""They help people and nature in many ways"",""3"":""They only grow in warm places"",""4"":""They produce many leaves""}",2,5.0,drawing conclusions,Aling pahayag ang pinakamahusay na nagpapaliwanag kung bakit dapat protektahan ng mga tao ang mga puno ng niyog?,"{""1"":""Mas mabilis silang lumaki kaysa sa ibang mga puno"",""2"":""Tinutulungan nila ang mga tao at kalikasan sa maraming paraan"",""3"":""Tumutubo lamang sila sa mga maiinit na lugar"",""4"":""Nagbubunga sila ng maraming dahon""}",False,"Coconut trees give food, materials, and protection — they help in many ways.",Correct! Coconut trees should be protected because they help people and nature in many ways.
45,3cc95d2b-ebba-4c87-9af9-960bd2f6ae26,What can we infer about the butanding from the passage?,"{""1"":""It is dangerous to swimmers"",""2"":""It hunts large fish in the ocean"",""3"":""Its size does not make it harmful to people"",""4"":""It lives only in rivers""}",3,1.0,drawing conclusions,Ano ang mahihinuha natin sa butanding mula sa talata?,"{""1"":""Mapanganib sa mga manlalangoy"",""2"":""Nangangaso ito ng malalaking isda sa karagatan"",""3"":""Ang laki nito ay hindi nakakapinsala sa mga tao"",""4"":""Nabubuhay lamang ito sa mga ilog""}",False,The butanding (whale shark) is huge but it eats only tiny plankton — it's not a hunter.,"Correct! Even though butandings are large, their size does not make them harmful to people."
46,3cc95d2b-ebba-4c87-9af9-960bd2f6ae26,What is one result of people visiting places where butanding live?,"{""1"":""The whale sharks disappear"",""2"":""Local communities can earn money from tourism"",""3"":""The ocean becomes smaller"",""4"":""Fishermen stop working""}",2,3.0,drawing conclusions,Ano ang isang resulta ng pagbisita ng mga tao sa mga lugar kung saan nakatira ang butanding?,"{""1"":""Nawala ang mga whale shark"",""2"":""Maaaring kumita ng pera ang mga lokal na komunidad mula sa turismo"",""3"":""Paliit ang karagatan"",""4"":""Tumigil sa pagtatrabaho ang mga mangingisda""}",False,"When tourists come to see something special, what does that bring to the local area?",Correct! Tourism allows local communities to earn money when people visit butanding sites.
47,3cc95d2b-ebba-4c87-9af9-960bd2f6ae26,What might happen if people do not protect the ocean?,"{""1"":""The butanding will grow bigger"",""2"":""The butanding may disappear from the ocean"",""3"":""More tourists will visit"",""4"":""Plankton will stop growing""}",2,5.0,drawing conclusions,Ano ang maaaring mangyari kung hindi protektahan ng mga tao ang karagatan?,"{""1"":""Lalaki ang butanding"",""2"":""Maaaring mawala ang butanding sa karagatan"",""3"":""Maraming turista ang bibisita"",""4"":""Plankton will stop growing""}",False,Animals depend on a healthy ocean — pollution and damage can drive them away.,"Correct! If the ocean is not protected, the butanding may disappear from it."
48,aa641f83-4513-49be-b799-cb2936d66f3b,What did Pilo find in the forest?,"{""1"":""Food"",""2"":""Coins"",""3"":""A friend""}",2,2.0,identifying story elements,Ano ang nakita ni Pilo sa gubat?,"{""1"":""Pagkain"",""2"":""Barya"",""3"":""Isang kaibigan""}",False,Look back at what Pilo found while walking through the forest — they were small and round.,Correct! Pilo found coins in the forest.
49,aa641f83-4513-49be-b799-cb2936d66f3b,Where did Pilo go?,"{""1"":""To the market"",""2"":""To school"",""3"":""To the forest""}",3,2.0,identifying story elements,Saan pumunta si Pilo?,"{""1"":""Sa palengke"",""2"":""Sa paaralan"",""3"":""Sa gubat""}",False,Look at the setting of the story — the place with trees where Pilo went exploring.,Correct! Pilo went to the forest.
50,aa641f83-4513-49be-b799-cb2936d66f3b,Why did Pilo not spend the coins?,"{""1"":""He lost them"",""2"":""He wanted to save them"",""3"":""He gave them away""}",2,3.0,infer characters feelings and traits,Bakit hindi ginastos ni Pilo ang barya?,"{""1"":""Nawala niya ito"",""2"":""Gusto niyang ipon ito"",""3"":""Ibinigay niya ito""}",False,Think about the difference between spending and saving — Pilo had a plan for later.,Correct! Pilo didn't spend the coins because he wanted to save them.
51,aa641f83-4513-49be-b799-cb2936d66f3b,"Because Pilo saved his coins, what happened?","{""1"":""He had money for later"",""2"":""He bought food right away"",""3"":""He lost everything""}",1,3.0,cause and effect,"Dahil inipon ni Pilo ang barya, ano ang nangyari?","{""1"":""May pera siya para sa susunod"",""2"":""Bumili agad siya ng pagkain"",""3"":""Nawala ang lahat niya""}",False,"Saving means keeping something for the future, not using it right away.","Correct! Because Pilo saved his coins, he had money for later."
52,aa641f83-4513-49be-b799-cb2936d66f3b,What does Pilo love to do?,"{""1"":""Swim"",""2"":""Paint"",""3"":""Sing""}",2,4.0,identifying story elements,Ano ang hilig gawin ni Pilo?,"{""1"":""Lumangoy"",""2"":""Magpinta"",""3"":""Kumanta""}",False,Look back at what Pilo enjoys doing in his free time — it involves colors and a brush.,Correct! Pilo loves to paint.
53,aa641f83-4513-49be-b799-cb2936d66f3b,How do you think Pilo feels about painting?,"{""1"":""He dislikes it"",""2"":""He loves it"",""3"":""He is scared of it""}",2,4.0,infer characters feelings and traits,Paano nakaramdam si Pilo tungkol sa pagpipinta?,"{""1"":""Hindi niya ito gusto"",""2"":""Mahal niya ito"",""3"":""Natatakot siya dito""}",False,People usually love doing what they're good at and choose to do often.,Correct! Pilo loves painting — that's why he does it so much.
54,aa641f83-4513-49be-b799-cb2936d66f3b,Who bought Pilo's painting?,"{""1"":""A child"",""2"":""A kind lady"",""3"":""His mother""}",2,5.0,identifying story elements,Sino ang bumili ng pintura ni Pilo?,"{""1"":""Isang bata"",""2"":""Isang mabait na babae"",""3"":""Ang kanyang ina""}",False,Look back at who admired Pilo's painting and decided to take it home.,Correct! A kind lady bought Pilo's painting.
55,aa641f83-4513-49be-b799-cb2936d66f3b,"Because his work was beautiful, what happened?","{""1"":""No one noticed it"",""2"":""A lady bought it"",""3"":""It was thrown away""}",2,5.0,cause and effect,"Dahil maganda ang gawa ni Pilo, ano ang nangyari?","{""1"":""Walang napansin dito"",""2"":""Binili ito ng isang babae"",""3"":""Itinapon ito""}",False,"When something is beautiful or well-made, people are willing to pay for it.","Correct! Because Pilo's work was beautiful, a lady bought it."
56,aa641f83-4513-49be-b799-cb2936d66f3b,What happened when summer came?,"{""1"":""There was a lot of food"",""2"":""There was very little food"",""3"":""It rained every day""}",2,6.0,identifying story elements,Ano ang nangyari nang dumating ang tag-init?,"{""1"":""Maraming pagkain"",""2"":""Kakaunti ang pagkain"",""3"":""Umuulan araw-araw""}",False,"Summer in the story brought hot, dry weather — think about how that affects food supply.","Correct! When summer came, there was very little food in the village."
57,aa641f83-4513-49be-b799-cb2936d66f3b,What was the problem in the village?,"{""1"":""There was too much rain"",""2"":""There was not enough food"",""3"":""The animals were sick""}",2,6.0,problem and solution,Ano ang problema sa nayon?,"{""1"":""Masyadong maraming ulan"",""2"":""Hindi sapat ang pagkain"",""3"":""Maysakit ang mga hayop""}",False,The whole village was struggling — think about what they needed most.,Correct! The problem in the village was that there was not enough food.
58,aa641f83-4513-49be-b799-cb2936d66f3b,Why did Pilo give food to others?,"{""1"":""He had too much food to eat"",""2"":""He wanted to help"",""3"":""Someone told him to""}",2,7.0,infer characters feelings and traits,Bakit nagbigay si Pilo ng pagkain sa iba?,"{""1"":""Sobra ang pagkain niya"",""2"":""Gusto niyang tumulong"",""3"":""May nagsabi sa kanya""}",False,Pilo had something the others didn't — and a kind heart to match.,Correct! Pilo gave food to others because he wanted to help.
59,aa641f83-4513-49be-b799-cb2936d66f3b,How did Pilo help solve the problem?,"{""1"":""He painted pictures of food"",""2"":""He shared his saved food"",""3"":""He found more coins""}",2,7.0,problem and solution,Paano nakatulong si Pilo sa paglutas ng problema?,"{""1"":""Nagpinta siya ng pagkain"",""2"":""Ibinahagi niya ang kanyang naipong pagkain"",""3"":""Nakahanap siya ng mga barya""}",False,Pilo had been saving food earlier in the story — now it came in handy.,Correct! Pilo helped solve the problem by sharing his saved food.
60,aa641f83-4513-49be-b799-cb2936d66f3b,How did the animals feel at the end of the story?,"{""1"":""Sad"",""2"":""Angry"",""3"":""Happy and thankful""}",3,8.0,infer characters feelings and traits,Paano nakaramdam ang mga hayop sa katapusan ng kwento?,"{""1"":""Malungkot"",""2"":""Galit"",""3"":""Masaya at nagpapasalamat""}",False,"When someone helps you in a hard time, you feel grateful — and the worry lifts.","Correct! At the end, the animals felt happy and thankful."
61,aa641f83-4513-49be-b799-cb2936d66f3b,What made the village happy again?,"{""1"":""More rain came"",""2"":""Pilo shared his food"",""3"":""A new animal arrived""}",2,8.0,problem and solution,Ano ang nagpasaya muli sa nayon?,"{""1"":""Umulan muli"",""2"":""Nagbahagi si Pilo ng pagkain"",""3"":""Dumating ang bagong hayop""}",False,Think about who took action to fix the food shortage problem.,Correct! The village became happy again because Pilo shared his food.
62,163ed93d-e533-4c78-84e5-a614cea3bfe4,Where did Maria sit when she studied?,"{""1"":""At the kitchen table"",""2"":""At her desk"",""3"":""On the floor""}",2,1.0,identifying story elements,Saan umupo si Maria nang nag-aaral siya?,"{""1"":""Sa mesa sa kusina"",""2"":""Sa kanyang mesa"",""3"":""Sa sahig""}",False,Look back at where Maria settled down to do her schoolwork.,Correct! Maria sat at her desk when she studied.
63,163ed93d-e533-4c78-84e5-a614cea3bfe4,What did Maria's teacher tell her to do?,"{""1"":""Go to sleep early"",""2"":""Eat a good breakfast"",""3"":""Practice before bed""}",3,2.0,identifying story elements,Ano ang sinabi ng guro ni Maria na gawin niya?,"{""1"":""Matulog nang maaga"",""2"":""Kumain ng maayos na almusal"",""3"":""Mag-ensayo bago matulog""}",False,The teacher gave Maria advice about practicing — when did she suggest doing it?,Correct! The teacher told Maria to practice before bed.
64,163ed93d-e533-4c78-84e5-a614cea3bfe4,How did Mom feel when she talked to Maria?,"{""1"":""Worried"",""2"":""Encouraging"",""3"":""Angry""}",2,3.0,infer characters feelings and traits,Paano naramdaman ni Nanay nang kausapin niya si Maria?,"{""1"":""Nag-aalala"",""2"":""Nagpapalaki ng loob"",""3"":""Galit""}",False,Mom's words were meant to lift Maria's spirits and give her confidence.,Correct! Mom felt encouraging when she talked to Maria.
65,163ed93d-e533-4c78-84e5-a614cea3bfe4,What do parallel lines do?,"{""1"":""They cross each other"",""2"":""They go side by side and never touch"",""3"":""They make a right angle""}",2,4.0,identifying story elements,Ano ang ginagawa ng mga parallel na linya?,"{""1"":""Nagtatawid sila sa isa't isa"",""2"":""Nagtatakbo sila nang magkabalikat at hindi nagtatagpo"",""3"":""Gumagawa sila ng tamang anggulo""}",False,Imagine train tracks — two lines that always stay the same distance apart.,Correct! Parallel lines go side by side and never touch.
66,163ed93d-e533-4c78-84e5-a614cea3bfe4,What shape do perpendicular lines make when they meet?,"{""1"":""A circle"",""2"":""A T or cross shape"",""3"":""A curve""}",2,5.0,identifying story elements,Anong hugis ang ginagawa ng mga perpendicular na linya kapag nagtatagpo sila?,"{""1"":""Isang bilog"",""2"":""Isang T o krus na hugis"",""3"":""Isang kurba""}",False,"When two perpendicular lines meet, they form a perfect 90-degree angle.",Correct! Perpendicular lines make a T or cross shape when they meet.
67,163ed93d-e533-4c78-84e5-a614cea3bfe4,Why did Maria smile after checking her lines?,"{""1"":""Her drawing was beautiful"",""2"":""Her guesses were correct"",""3"":""Her teacher praised her""}",2,6.0,cause and effect,Bakit ngumiti si Maria pagkatapos suriin ang kanyang mga linya?,"{""1"":""Maganda ang kanyang guhit"",""2"":""Tama ang kanyang mga hula"",""3"":""Pinuri siya ng kanyang guro""}",False,Maria was checking her work — what would make her happy after checking?,Correct! Maria smiled because her guesses were correct.
68,163ed93d-e533-4c78-84e5-a614cea3bfe4,How did Maria feel while taking the test?,"{""1"":""Nervous and unsure"",""2"":""Calm and ready"",""3"":""Bored and sleepy""}",2,7.0,infer characters feelings and traits,Paano naramdaman ni Maria habang kinukuha niya ang pagsusulit?,"{""1"":""Kinakabahan at hindi sigurado"",""2"":""Panatag at handa"",""3"":""Naiinip at inaantok""}",False,"After all that practice the night before, Maria walked into the test prepared.",Correct! Maria felt calm and ready while taking the test.
69,163ed93d-e533-4c78-84e5-a614cea3bfe4,What happened when Maria got her paper back?,"{""1"":""She cried"",""2"":""She smiled with shining eyes"",""3"":""She asked for another test""}",2,8.0,identifying story elements,Ano ang nangyari nang makuha ni Maria ang kanyang papel?,"{""1"":""Umiyak siya"",""2"":""Ngumiti siya nang may maliwanag na mga mata"",""3"":""Humingi siya ng isa pang pagsusulit""}",False,Bright shining eyes usually mean someone is feeling proud or joyful.,"Correct! When Maria got her paper back, she smiled with shining eyes."
70,03acea88-a70a-4915-bf30-60a3428ddd1c,How did the kitten look when she was found?,"{""1"":""Excited and playful"",""2"":""Tired and quiet"",""3"":""Hungry and loud""}",2,1.0,characters feelings and traits,Ano ang hitsura ng kuting nang matagpuan siya?,"{""1"":""Masaya at malikot"",""2"":""Pagod at tahimik"",""3"":""Gutom at maingay""}",False,"Think about how a small, lost kitten would seem to someone who finds her.","Correct! When she was found, the kitten looked tired and quiet."
71,03acea88-a70a-4915-bf30-60a3428ddd1c,How did the kitten feel when she woke up and did not know where she was?,"{""1"":""Happy"",""2"":""Scared"",""3"":""Bored""}",2,2.0,characters feelings and traits,Paano naramdaman ng kuting nang magising siya at hindi niya alam kung nasaan siya?,"{""1"":""Masaya"",""2"":""Takot"",""3"":""Naiinip""}",False,Imagine waking up in a place you don't recognize — what would you feel?,Correct! The kitten felt scared when she didn't know where she was.
72,03acea88-a70a-4915-bf30-60a3428ddd1c,Why did the kitten start playing happily?,"{""1"":""She found food to eat"",""2"":""She felt warm and safe"",""3"":""Another animal played with her""}",2,3.0,cause and effect,Bakit nagsimulang maglaro nang masaya ang kuting?,"{""1"":""Nakahanap siya ng pagkain"",""2"":""Naramdaman niyang mainit at ligtas siya"",""3"":""May hayop na nakipaglaro sa kanya""}",False,The kitten was rescued and given shelter — those feelings of comfort lead to play.,Correct! The kitten played happily because she felt warm and safe.
73,03acea88-a70a-4915-bf30-60a3428ddd1c,How did the kitten feel when she saw the night sky?,"{""1"":""Frightened"",""2"":""Full of wonder"",""3"":""Sleepy""}",2,4.0,characters feelings and traits,Paano naramdaman ng kuting nang makita niya ang gabi?,"{""1"":""Natakot"",""2"":""Namangha"",""3"":""Inaantok""}",False,A clear night sky full of stars often makes us feel small and amazed.,Correct! Seeing the night sky filled the kitten with wonder.
74,03acea88-a70a-4915-bf30-60a3428ddd1c,Why did the kitten bow her little head?,"{""1"":""She was tired and wanted to sleep"",""2"":""She was saying a quiet thank-you"",""3"":""She was looking for food""}",2,5.0,drawing conclusions,Bakit yumuko ang munting ulo ng kuting?,"{""1"":""Pagod siya at gusto niyang matulog"",""2"":""Nagpapasalamat siya nang tahimik"",""3"":""Naghahanap siya ng pagkain""}",False,"Bowing the head can be a quiet, polite gesture — like saying thanks.",Correct! The kitten bowed her head to give a quiet thank-you.
75,03acea88-a70a-4915-bf30-60a3428ddd1c,Why did the leaves look sad and the soil look dirty?,"{""1"":""It rained too much"",""2"":""There was trash near the flowers"",""3"":""The kitten dug up the plants""}",2,6.0,cause and effect,Bakit mukhang malungkot ang mga dahon at marumi ang lupa?,"{""1"":""Masyadong maulan"",""2"":""May basura malapit sa mga bulaklak"",""3"":""Hinukay ng kuting ang mga halaman""}",False,'Sad' leaves and 'dirty' soil suggest the garden was harmed by something humans leave behind.,Correct! The leaves and soil looked bad because there was trash near the flowers.
76,03acea88-a70a-4915-bf30-60a3428ddd1c,How did the kitten feel when she saw the dirty garden?,"{""1"":""Excited"",""2"":""Worried"",""3"":""Proud""}",2,6.0,characters feelings and traits,Paano naramdaman ng kuting nang makita niya ang maruming hardin?,"{""1"":""Nasabik"",""2"":""Nag-aalala"",""3"":""Ipinagmamalaki""}",False,Seeing a place you love damaged makes most people concerned about it.,Correct! The kitten felt worried when she saw the dirty garden.
77,03acea88-a70a-4915-bf30-60a3428ddd1c,Why did the kitten work hard to clean the garden?,"{""1"":""She wanted to find food"",""2"":""She loved the garden"",""3"":""Another animal told her to""}",2,7.0,cause and effect,Bakit nagsumikap ang kuting na linisin ang hardin?,"{""1"":""Naghahanap siya ng pagkain"",""2"":""Mahal niya ang hardin"",""3"":""Sinabi sa kanya ng ibang hayop""}",False,People work hardest for the things they truly care about.,Correct! The kitten worked hard because she loved the garden.
78,03acea88-a70a-4915-bf30-60a3428ddd1c,What lesson can we learn from the kitten?,"{""1"":""We should sleep all day"",""2"":""We should take care of the places we love"",""3"":""We should always look for new places to live""}",2,8.0,drawing conclusions,Anong aral ang matututunan natin mula sa kuting?,"{""1"":""Dapat tayong matulog buong araw"",""2"":""Dapat nating alagaan ang mga lugar na mahal natin"",""3"":""Dapat tayong palaging maghanap ng bagong tirahan""}",False,The kitten's actions teach us about caring for places that matter to us.,Correct! The lesson is that we should take care of the places we love.
79,5c0f549d-d800-4a69-9e14-018355859716,Why did Emma and Max go to Lola Ceding?,"{""1"":""To borrow a watering can"",""2"":""Because she knows everything about plants"",""3"":""To ask for seeds to eat"",""4"":""Because their parents told them to""}",2,1.0,cause and effect,Bakit pumunta sina Emma at Max kay Lola Ceding?,"{""1"":""Para humingi ng regadera"",""2"":""Dahil alam niya ang lahat tungkol sa mga halaman"",""3"":""Para humingi ng buto na kakainin"",""4"":""Dahil sinabi ng kanilang mga magulang""}",False,Lola Ceding has special knowledge that the children needed help with.,Correct! They went to Lola Ceding because she knows everything about plants.
80,5c0f549d-d800-4a69-9e14-018355859716,How did Max react when Lola Ceding unfolded her planting guide?,"{""1"":""He walked away"",""2"":""He leaned in so close that Lola Ceding laughed"",""3"":""He asked Emma to read it"",""4"":""He took it and ran""}",2,2.0,characters feelings and traits,Paano nareaksyunan ni Max nang buksan ni Lola Ceding ang kanyang gabay sa pagtatanim?,"{""1"":""Lumayo siya"",""2"":""Sumingit siya nang napakalapit kaya tumawa si Lola Ceding"",""3"":""Sinabi niya kay Emma na basahin ito"",""4"":""Kinuha niya ito at tumakbo""}",False,"Max was very curious — so curious he got really, really close to the guide.",Correct! Max leaned in so close that Lola Ceding laughed.
81,5c0f549d-d800-4a69-9e14-018355859716,What did they do with the pots after planting the seeds?,"{""1"":""Put them inside the house"",""2"":""Left them in the shade"",""3"":""Carried them to the sunniest corner of the garden"",""4"":""Gave them to Lola Ceding""}",3,5.0,sequencing events,Ano ang ginawa nila sa mga paso pagkatapos magtanim ng mga buto?,"{""1"":""Inilagay sa loob ng bahay"",""2"":""Iniwan sa lilim"",""3"":""Dinala sa pinakamaliwanag na sulok ng hardin"",""4"":""Ibinigay kay Lola Ceding""}",False,Plants need lots of light to grow — so the pots had to go where the sun reaches most.,Correct! They carried the pots to the sunniest corner of the garden.
82,5c0f549d-d800-4a69-9e14-018355859716,What did Emma wonder when they were placing the seeds?,"{""1"":""If the seeds were big enough"",""2"":""If the seeds could hear them"",""3"":""If the soil was too wet"",""4"":""If Max was doing it right""}",2,4.0,drawing conclusions,Ano ang pinagtataka ni Emma habang inilalagay nila ang mga buto?,"{""1"":""Kung sapat ang laki ng mga buto"",""2"":""Kung naririnig sila ng mga buto"",""3"":""Kung masyadong basa ang lupa"",""4"":""Kung tama ang ginagawa ni Max""}",False,Emma was being imaginative — wondering if seeds could sense or notice things.,Correct! Emma wondered if the seeds could hear them.
83,5c0f549d-d800-4a69-9e14-018355859716,What happened a few weeks after planting?,"{""1"":""The pots broke"",""2"":""The seeds disappeared"",""3"":""Tiny green sprouts appeared"",""4"":""It rained very hard""}",3,5.0,story details,Ano ang nangyari ilang linggo pagkatapos magtanim?,"{""1"":""Nasira ang mga paso"",""2"":""Nawala ang mga buto"",""3"":""Lumabas ang maliliit na berdeng usbong"",""4"":""Malakas na umuulan""}",False,"After weeks of sun and water, seeds begin to grow into something visible.",Correct! Tiny green sprouts appeared a few weeks after planting.
84,5c0f549d-d800-4a69-9e14-018355859716,What does the ending of the story suggest Max will do next?,"{""1"":""Stop gardening"",""2"":""Plant more seeds with Lola Ceding's help"",""3"":""Give the plants to his teacher"",""4"":""Ask Emma to water the plants alone""}",2,6.0,drawing conclusions,Ano ang iminumungkahi ng katapusan ng kuwento na gagawin ni Max?,"{""1"":""Titigil sa paghahalaman"",""2"":""Magtatanim pa ng halaman sa tulong ni Lola Ceding"",""3"":""Ibibigay ang mga halaman sa kanyang guro"",""4"":""Hihingi kay Emma na siya na lang ang mag-dilig""}",False,Max really enjoyed the gardening experience — what's likely to happen next?,Correct! The ending suggests Max will plant more seeds with Lola Ceding's help.
85,15c357bf-814a-4644-b0e4-b57b8fd9d863,"What does the word ""lonely"" mean?","{""1"":""Feeling sad and alone"",""2"":""Feeling happy and excited"",""3"":""Feeling tired and sleepy""}",1,1.0,word meaning,"Ano ang ibig sabihin ng salitang ""malungkot""?","{""1"":""Pakiramdam na malungkot at nag-iisa"",""2"":""Pakiramdam na masaya at nasabik"",""3"":""Pakiramdam na pagod at inaantok""}",False,'Lonely' describes a feeling that comes when someone is by themselves and missing others.,Correct! 'Lonely' means feeling sad and alone.
86,15c357bf-814a-4644-b0e4-b57b8fd9d863,"What does the word ""shaped"" mean in the sentence ""He shaped the land and the seas""?","{""1"":""He formed or made it"",""2"":""He broke it apart"",""3"":""He painted it""}",1,2.0,word meaning,"Ano ang ibig sabihin ng ""hinubog"" sa pangungusap na ""Hinubog niya ang lupa at mga dagat""?","{""1"":""Ginawa o binuo niya ito"",""2"":""Pinira-piraso niya ito"",""3"":""Pininta niya ito""}",False,To 'shape' something is to give it form — like a sculptor with clay.,Correct! 'Shaped' means he formed or made the land and seas.
87,15c357bf-814a-4644-b0e4-b57b8fd9d863,"Which word is the OPPOSITE of ""bright""?","{""1"":""Dark"",""2"":""Shiny"",""3"":""Loud""}",1,3.0,synonyms and antonyms,"Alin sa mga salita ang KABALIGTARAN ng ""maliwanag""?","{""1"":""Madilim"",""2"":""Makintab"",""3"":""Malakas""}",False,'Bright' means full of light — its opposite has no light at all.,Correct! 'Dark' is the opposite of 'bright'.
88,15c357bf-814a-4644-b0e4-b57b8fd9d863,"What does ""arose"" mean in ""the seas arose""?","{""1"":""Rose up or got bigger"",""2"":""Disappeared underwater"",""3"":""Became very quiet""}",1,4.0,word meaning,"Ano ang ibig sabihin ng ""lumitaw"" sa ""ang mga dagat ay lumitaw""?","{""1"":""Tumaas o lumaki"",""2"":""Nawala sa ilalim ng tubig"",""3"":""Naging tahimik""}",False,"'Arose' is the past tense of 'arise', meaning to come up or rise.",Correct! 'The seas arose' means they rose up or got bigger.
89,15c357bf-814a-4644-b0e4-b57b8fd9d863,"What is a word that means the same as ""straight""?","{""1"":""Direct"",""2"":""Curved"",""3"":""Rough""}",1,5.0,synonyms and antonyms,"Alin ang salitang may parehong kahulugan ng ""tuwid""?","{""1"":""Diretso"",""2"":""Baluktot"",""3"":""Magaspang""}",False,'Straight' means going in one line without bending — find the word that means the same.,Correct! 'Direct' means the same as 'straight'.
90,15c357bf-814a-4644-b0e4-b57b8fd9d863,"What does ""hatched"" mean?","{""1"":""To come out of an egg"",""2"":""To fly into the sky"",""3"":""To sink into the ground""}",1,6.0,word meaning,"Ano ang ibig sabihin ng ""napisa""?","{""1"":""Lumabas mula sa itlog"",""2"":""Lumipad sa langit"",""3"":""Lumubog sa lupa""}",False,Baby chicks come out of eggs — that's the word for it.,Correct! 'Hatched' means to come out of an egg.
91,15c357bf-814a-4644-b0e4-b57b8fd9d863,"Which word means the same as ""kind""?","{""1"":""Gentle"",""2"":""Angry"",""3"":""Loud""}",1,7.0,synonyms and antonyms,"Alin ang salitang may parehong kahulugan ng ""mabait""?","{""1"":""Maamo"",""2"":""Galit"",""3"":""Maingay""}",False,"'Kind' describes someone who is soft, caring, and not rough.",Correct! 'Gentle' means the same as 'kind'.
92,15c357bf-814a-4644-b0e4-b57b8fd9d863,"What does ""harmony"" mean in the sentence ""A home for all in harmony""?","{""1"":""Living together peacefully"",""2"":""Living far apart"",""3"":""Fighting with each other""}",1,8.0,word meaning,"Ano ang ibig sabihin ng ""pagkakaisa"" sa ""isang tahanan para sa lahat nang may pagkakaisa""?","{""1"":""Namumuhay nang mapayapa"",""2"":""Namumuhay nang malayo sa isa't isa"",""3"":""Nagtatalo sa isa't isa""}",False,'Harmony' relates to things working well together — think of music or peace.,Correct! 'Harmony' means living together peacefully.
93,7a66422b-d381-4383-b0a7-97cb41b54046,What kind of student is Emma described as?,"{""1"":""Lazy"",""2"":""Curious"",""3"":""Noisy""}",2,1.0,adjectives,Paano inilalarawan si Emma bilang mag-aaral?,"{""1"":""Tamad"",""2"":""Mausisa"",""3"":""Maingay""}",False,Curious students like to ask questions and explore — Emma is described that way.,Correct! Emma is described as a curious student.
94,7a66422b-d381-4383-b0a7-97cb41b54046,What did Ms. Reyes write on the board first?,"{""1"":""6785"",""2"":""1234"",""3"":""5678""}",2,2.0,content vocabulary,Ano ang unang isinulat ni Gng. Reyes sa pisara?,"{""1"":""6785"",""2"":""1234"",""3"":""5678""}",False,Look back at page 2 — Ms. Reyes wrote a four-digit number that started with 1.,Correct! Ms. Reyes wrote 1234 first on the board.
95,7a66422b-d381-4383-b0a7-97cb41b54046,Which word means the same as 'digit'?,"{""1"":""Letter"",""2"":""Number"",""3"":""Word""}",2,3.0,synonyms and antonyms,Alin sa mga salita ang may parehong kahulugan ng 'digit'?,"{""1"":""Letra"",""2"":""Numero"",""3"":""Salita""}",False,"A 'digit' is one of the symbols used to write numbers, like 0 through 9.",Correct! 'Number' means the same as digit.
96,7a66422b-d381-4383-b0a7-97cb41b54046,What did Emma do when she made a mistake while practicing?,"{""1"":""She cried"",""2"":""She tried again"",""3"":""She stopped""}",2,6.0,verbs,Ano ang ginawa ni Emma nang magkamali siya habang nag-eensayo?,"{""1"":""Umiyak siya"",""2"":""Sumubok siyang muli"",""3"":""Tumigil siya""}",False,Emma didn't quit — she showed determination and kept going.,"Correct! When Emma made a mistake, she tried again."
97,7a66422b-d381-4383-b0a7-97cb41b54046,Which pronoun correctly replaces 'Ms. Reyes' in this sentence: Ms. Reyes smiled and walked to the board?,"{""1"":""He"",""2"":""They"",""3"":""She""}",2,2.0,pronouns,Alin sa mga panghalip ang tamang papalit sa 'Gng. Reyes' sa pangungusap na ito: Ngumiti si Gng. Reyes at lumapit sa pisara?,"{""1"":""Siya (lalaki)"",""2"":""Sila"",""3"":""Siya (babae)""}",False,'Ms. Reyes' is one female person — pick the matching pronoun.,Correct! 'She' is the right pronoun to replace 'Ms. Reyes'.
98,7a66422b-d381-4383-b0a7-97cb41b54046,What word describes how Emma said the number on Page 5?,"{""1"":""Loudly"",""2"":""Slowly"",""3"":""Quickly""}",2,5.0,adjectives,Anong salita ang naglalarawan kung paano sinabi ni Emma ang numero sa Pahina 5?,"{""1"":""Malakas"",""2"":""Dahan-dahan"",""3"":""Mabilis""}",False,"Big numbers are easier to say one part at a time, not all at once.",Correct! Emma said the number slowly on Page 5.
99,7a66422b-d381-4383-b0a7-97cb41b54046,What lesson did Emma learn at the end of the story?,"{""1"":""Numbers are impossible to learn"",""2"":""Hard things get easier when broken into parts"",""3"":""Only teachers can read big numbers""}",2,7.0,content vocabulary,Anong aral ang natutunan ni Emma sa katapusan ng kwento?,"{""1"":""Imposibleng matutunan ang mga numero"",""2"":""Nagiging mas madali ang mahirap na bagay kapag pinaghatian ito"",""3"":""Ang malalaking numero ay mababasa lamang ng mga guro""}",False,Big problems become smaller when you split them into pieces.,Correct! The lesson is that hard things get easier when broken into parts.
100,fca6ddca-9bbb-4afc-9566-8ff066c7d52e,"What is another word for ""cozy"" as used in the story?","{""1"":""cold"",""2"":""comfortable"",""3"":""crowded"",""4"":""colorful""}",2,1.0,adjectives,"Alin ang katulad ng kahulugan ng ""cozy"" sa kwento?","{""1"":""malamig"",""2"":""komportable"",""3"":""masikip"",""4"":""makulay""}",False,"'Cozy' describes a warm, snug feeling — think of a soft bed on a cold day.",Correct! 'Cozy' means comfortable.
101,fca6ddca-9bbb-4afc-9566-8ff066c7d52e,Which word best describes how Bill's friends felt when he invited them to the new store?,"{""1"":""bored"",""2"":""angry"",""3"":""eager"",""4"":""scared""}",3,2.0,adjectives,Aling salita ang pinakamainam na naglalarawan kung paano naramdaman ng mga kaibigan ni Bill nang anyayahan sila sa bagong tindahan?,"{""1"":""nababagot"",""2"":""galit"",""3"":""sabik"",""4"":""natatakot""}",False,Bill's friends were excited and looking forward to seeing the new store.,Correct! Bill's friends felt eager when invited to the new store.
102,fca6ddca-9bbb-4afc-9566-8ff066c7d52e,"In Page 3 of the story Bill considered buying a rake. What is a ""rake"" used for?","{""1"":""Cooking food"",""2"":""Gathering leaves or soil"",""3"":""Carrying water"",""4"":""Writing on paper""}",2,3.0,content vocabulary,"Sa pahina 3 ng kwento ay nag-isip si Bill na bilhin ang isang kalaykay. Saan ginagamit ang ""kalaykay""?","{""1"":""Pagluluto ng pagkain"",""2"":""Pag-iipon ng mga dahon o lupa"",""3"":""Pagdadala ng tubig"",""4"":""Pagsulat sa papel""}",False,A rake is a garden tool with long teeth — think about what it picks up.,Correct! A rake is used for gathering leaves or soil.
103,fca6ddca-9bbb-4afc-9566-8ff066c7d52e,"What word in the story means the opposite of ""foolish""?","{""1"":""eager"",""2"":""wise"",""3"":""cozy"",""4"":""special""}",2,5.0,synonyms and antonyms,"Anong salita sa kwento ang kabaligtaran ng ""hangal""?","{""1"":""sabik"",""2"":""matalino"",""3"":""komportable"",""4"":""espesyal""}",False,'Foolish' means not smart — find the word in the story that means the opposite.,Correct! 'Wise' is the opposite of 'foolish'.
104,fca6ddca-9bbb-4afc-9566-8ff066c7d52e,Which of the following is a NOUN found in the story?,"{""1"":""saved"",""2"":""shiny"",""3"":""treehouse"",""4"":""eagerly""}",3,1.0,nouns,Alin sa mga sumusunod ang PANGNGALAN na makikita sa kwento?,"{""1"":""nagtipid"",""2"":""makintab"",""3"":""treehouse"",""4"":""masigasig""}",False,"A noun names a person, place, or thing — find the one that names a thing.",Correct! 'Treehouse' is a noun (a thing).
105,fca6ddca-9bbb-4afc-9566-8ff066c7d52e,"In the story the word ""inspired"" is used. What does it mean?","{""1"":""confused someone"",""2"":""motivated someone to act"",""3"":""stopped someone from acting"",""4"":""surprised someone""}",2,5.0,content vocabulary,"Sa kwento ay ginamit ang salitang ""inspired."" Ano ang ibig sabihin nito?","{""1"":""nalito ang isang tao"",""2"":""nagtulak sa isang tao na kumilos"",""3"":""pinigilan ang isang tao na kumilos"",""4"":""nagulat ang isang tao""}",False,To 'inspire' someone is to give them the urge to do something — like a spark of motivation.,Correct! 'Inspired' means motivated someone to act.
106,fca6ddca-9bbb-4afc-9566-8ff066c7d52e,"Which pronoun could replace ""Bill and his friends"" in a sentence?","{""1"":""He"",""2"":""She"",""3"":""They"",""4"":""It""}",3,4.0,pronouns,"Anong panghalip ang maaaring palitan ng ""Bill at ang kanyang mga kaibigan"" sa isang pangungusap?","{""1"":""Siya (lalaki)"",""2"":""Siya (babae)"",""3"":""Sila"",""4"":""Ito""}",False,'Bill and his friends' is more than one person — pick the plural pronoun.,Correct! 'They' replaces 'Bill and his friends'.
107,4c78f240-dcd3-4444-9bdc-e882b094e7e6,"What does the word ""enchanting"" mean in the story?","{""1"":""Boring and dull"",""2"":""Magical and delightful"",""3"":""Loud and noisy""}",2,1.0,adjectives,"Ano ang ibig sabihin ng salitang ""enchanting"" sa kwento?","{""1"":""Makulay at masaya"",""2"":""Mahiwagang kaaya-aya"",""3"":""Maingay at magulo""}",False,'Enchanting' shares a root with 'enchant' — it means to charm or fill with delight.,Correct! 'Enchanting' means magical and delightful.
108,4c78f240-dcd3-4444-9bdc-e882b094e7e6,What word best describes how Bill felt after buying bananas and saving the change?,"{""1"":""Sad"",""2"":""Angry"",""3"":""Happy and wise""}",3,2.0,adjectives,Anong salita ang pinakamailarawan sa pakiramdam ni Bill pagkatapos bumili ng saging at mag-ipon ng sukli?,"{""1"":""Malungkot"",""2"":""Galit"",""3"":""Masaya at matalino""}",False,"After buying smart and saving money, Bill felt good about his choices.",Correct! Bill felt happy and wise after buying bananas and saving the change.
109,4c78f240-dcd3-4444-9bdc-e882b094e7e6,"Which word means the same as ""diligently""?","{""1"":""Lazily"",""2"":""Carefully and hardworkingly"",""3"":""Quickly""}",2,3.0,synonyms and antonyms,"Aling salita ang may katulad na kahulugan ng ""diligently""?","{""1"":""Tamad"",""2"":""Maingat at masipag"",""3"":""Mabilis""}",False,"'Diligently' describes doing something with care, focus, and effort.",Correct! 'Diligently' means carefully and hardworkingly.
110,4c78f240-dcd3-4444-9bdc-e882b094e7e6,"What does the word ""strategies"" mean as used by Bill in Page 4?","{""1"":""Funny stories"",""2"":""Smart plans or methods"",""3"":""Old songs""}",2,4.0,content vocabulary,"Ano ang ibig sabihin ng salitang ""strategies"" gaya ng ginamit ni Bill sa Pahina 4?","{""1"":""Nakakatawang mga kwento"",""2"":""Matalinong mga plano o paraan"",""3"":""Mga lumang kanta""}",False,'Strategies' come from the word 'strategy' — clever ways to solve problems.,Correct! 'Strategies' means smart plans or methods.
116,421ff269-859d-455e-a5e7-7b020cdd6984,What word best describes the eagle when it took the town's food?,"{""1"":""generous"",""2"":""selfish"",""3"":""brave"",""4"":""humble""}",2,1.0,adjectives,Anong salita ang pinakamainam na naglalarawan sa agila nang kunin nito ang pagkain ng bayan?,"{""1"":""mapagbigay"",""2"":""makasarili"",""3"":""matapang"",""4"":""mapagkumbaba""}",False,Taking food that belongs to others — think about what kind of behavior that is.,Correct! The eagle was selfish to take the town's food.
117,421ff269-859d-455e-a5e7-7b020cdd6984,"What does the word ""noble"" mean as Apo used it when speaking to the eagle?","{""1"":""strong and powerful"",""2"":""good and honorable"",""3"":""fast and clever"",""4"":""loud and angry""}",2,2.0,content vocabulary,"Ano ang ibig sabihin ng salitang ""marangal"" gaya ng ginamit ni Apo nang kausapin ang agila?","{""1"":""malakas at makapangyarihan"",""2"":""mabuti at kagalang-galang"",""3"":""mabilis at matalino"",""4"":""malakas at galit""}",False,'Noble' describes someone with strong morals and a respectable character.,Correct! 'Noble' means good and honorable.
118,421ff269-859d-455e-a5e7-7b020cdd6984,Which word describes how Apo answered the eagle on page 3?,"{""1"":""loudly"",""2"":""calmly"",""3"":""angrily"",""4"":""sadly""}",2,3.0,adjectives,Anong salita ang naglalarawan kung paano sumagot si Apo sa agila sa pahina 3?,"{""1"":""malakas"",""2"":""tahimik"",""3"":""galit"",""4"":""malungkot""}",False,"Apo handled the situation peacefully, even though the eagle was scary.",Correct! Apo answered the eagle calmly.
119,421ff269-859d-455e-a5e7-7b020cdd6984,"What does the word ""shone"" tell us about the fire in page 4?","{""1"":""It was cold"",""2"":""It made a loud sound"",""3"":""It gave off bright light"",""4"":""It smelled like flowers""}",3,4.0,verbs,"Ano ang sinasabi ng salitang ""nagnining-ning"" tungkol sa apoy sa pahina 4?","{""1"":""Malamig ito"",""2"":""Nagbigay ito ng malakas na tunog"",""3"":""Nagbigay ito ng maliwanag na liwanag"",""4"":""Mabango ito tulad ng bulaklak""}",False,'Shone' is the past tense of 'shine' — what does shining have to do with light?,Correct! 'Shone' tells us the fire gave off bright light.
120,421ff269-859d-455e-a5e7-7b020cdd6984,"What is a synonym for the word ""mighty"" as used in page 1?","{""1"":""weak"",""2"":""powerful"",""3"":""tiny"",""4"":""quiet""}",2,1.0,synonyms and antonyms,"Ano ang kasingkahulugan ng salitang ""makapangyarihan"" gaya ng ginamit sa pahina 1?","{""1"":""mahina"",""2"":""makapangyarihan"",""3"":""maliit"",""4"":""tahimik""}",False,'Mighty' describes great strength or force — find a word that means strong.,Correct! 'Powerful' is a synonym for 'mighty'.
121,dfac48ea-4e5a-4f6f-ab9a-36a5d83b2851,Who has a dog?,"{""1"":""Tom"",""2"":""Maria"",""3"":""The teacher""}",1,1.0,none,,,,Look back at the very first sentence to see who owns the dog.,Correct! Tom has a dog.
122,dfac48ea-4e5a-4f6f-ab9a-36a5d83b2851,What does Tom do every day?,"{""1"":""Sleep"",""2"":""Feed the dog"",""3"":""Go to school""}",2,1.0,none,,,,Tom takes care of his pet — what daily action does that involve?,Correct! Tom feeds the dog every day.
123,dfac48ea-4e5a-4f6f-ab9a-36a5d83b2851,How does Tom feel?,"{""1"":""Sad"",""2"":""Happy"",""3"":""Angry""}",2,1.0,none,,,,Tom enjoys having his dog around — that brings a positive feeling.,Correct! Tom feels happy.
124,46ec3d77-898b-42d9-9fd7-9d81f5626590,What did Ana do before going to school?,"{""1"":""Watched TV"",""2"":""Helped cook breakfast "",""3"":""Played outside""}",2,1.0,none,,,,Ana was helpful at home before her school day started.,Correct! Ana helped cook breakfast before going to school.
125,46ec3d77-898b-42d9-9fd7-9d81f5626590,What did Ana give her teacher?,"{""1"":""A letter"",""2"":"" A flower"",""3"":""A book""}",2,1.0,none,,,,"Ana brought a small, thoughtful gift from nature.",Correct! Ana gave her teacher a flower.
126,46ec3d77-898b-42d9-9fd7-9d81f5626590,What happened after Ana gave the flower?,"{""1"":""Her teacher got angry"",""2"":""Her teacher smiled "",""3"":""Her teacher left""}",2,1.0,none,,,,A nice gift usually makes the receiver react warmly.,"Correct! After Ana gave the flower, her teacher smiled."
127,88346d61-34d4-4bc4-b1c9-ea3cd6cb4500,Why was Ben worried?,"{""1"":""He forgot his homework"",""2"":""He lost his pencil case before Math class"",""3"":""He was late for school""}",2,1.0,none,,,,Ben needed something for his Math class — what was missing?,Correct! Ben was worried because he lost his pencil case before Math class.
128,88346d61-34d4-4bc4-b1c9-ea3cd6cb4500,How did Ben solve his problem?,"{""1"":""He borrowed from Lisa"",""2"":""He went home to get his pencil"",""3"":""He asked the teacher""}",1,1.0,none,,,,Ben got help from a classmate sitting nearby.,Correct! Ben solved his problem by borrowing from Lisa.
129,88346d61-34d4-4bc4-b1c9-ea3cd6cb4500,Why did Lisa help Ben?,"{""1"":""She wanted his food"",""2"":""She noticed he was looking around"",""3"":""The teacher told her to""}",2,1.0,none,,,,Lisa paid attention to Ben and saw that something was wrong.,Correct! Lisa helped because she noticed Ben was looking around.
130,11bb85f7-beee-4296-8788-9f82d5ac2c22,Why did Mia almost not join the contest?,"{""1"":""She didn't have materials"",""2"":""She was nervous about Carlo"",""3"":""She forgot about it""}",2,1.0,none,,,,Mia was hesitant because of how someone else might react to her joining.,Correct! Mia almost didn't join because she was nervous about Carlo.
131,11bb85f7-beee-4296-8788-9f82d5ac2c22,What do you think Mia felt when her poster was chosen as most creative?,"{""1"":""Embarrassed"",""2"":""Disappointed"",""3"":""Proud ""}",3,1.0,none,,,,Having your work chosen as 'most creative' is a big achievement to feel good about.,Correct! Mia felt proud when her poster was chosen as most creative.
132,11bb85f7-beee-4296-8788-9f82d5ac2c22,"What does ""joining was already a victory"" most likely mean?","{""1"":""Mia secretly won"",""2"":"" Being brave enough to try is its own reward"",""3"":""The contest had two winners""}",2,1.0,none,,,,Sometimes the courage to try is more important than the result.,Correct! 'Joining was already a victory' means being brave enough to try is its own reward.
133,d0eb5898-cb81-4382-a81d-58e42d66ea1b,Why did Ramon buy the newspaper even though he didn't need it?,"{""1"":""He wanted to read the news"",""2"":""He felt sorry for the old man"",""3"":""His teacher told him to""}",2,1.0,none,,,,"Ramon noticed someone in need and acted with kindness, even though he didn't need the paper.",Correct! Ramon bought the newspaper because he felt sorry for the old man.
134,d0eb5898-cb81-4382-a81d-58e42d66ea1b,"What does ""he felt lighter than usual"" tell us about Ramon?","{""1"":""He lost weight"",""2"":"" He felt relieved and good inside"",""3"":""He was tired from walking""}",2,1.0,none,,,,"Doing a kind act often gives you a happy, free feeling inside.",Correct! 'He felt lighter than usual' means Ramon felt relieved and good inside.
135,d0eb5898-cb81-4382-a81d-58e42d66ea1b,What is the theme of this story?,"{""1"":""Always bring an umbrella"",""2"":""Kindness can be quiet and still meaningful"",""3"":""Newspapers are important""}",2,1.0,none,,,,"The story shows that small, quiet acts of kindness still matter.",Correct! The theme is that kindness can be quiet and still meaningful.
