id,story_id,question,choices,answer,after_page,skill,tagalog_question,tagalog_choices,is_standalone
1,10efe7f8-1a53-4717-9d8b-cdd50d736fbd,"What does 
“mountainous” mean?","{""1"":""Many fruits"",""2"":""Many mountains"",""3"":""Many trees""}",2,2,synonyms and antonyms,"Ano ang ibig sabihin ng ""bulubundukin""?","{""1"":""Maraming Prutas"",""2"":""Maraming Bundok"",""3"":""Maraming Puno""}",FALSE
2,47157988-cb0f-4747-bbc2-36ddf520ff6b,Who was our first president?,"{""1"":""Manuel Roxas"",""2"":""Emilio Aguinaldo""}",2,,,none,{},FALSE
3,10efe7f8-1a53-4717-9d8b-cdd50d736fbd,What fruits are in the forest?,"{""1"":""Only papaya"",""2"":""Only Durian"",""3"":""Banana, Papaya, and Durian""}",3,2,story details,Anong prutas ang nasa gubat?,"{""1"":""Papaya lang"",""2"":""Durian lang"",""3"":""Banana, Papaya, at Durian""}",FALSE
10,a351097b-2e32-4d98-9d33-5c8f7fe824ab,What did the student eat,"{""1"":""Chocolate"",""2"":""Steak"",""3"":""Pancit Canton""}",3,1,story details,Ano yung kinain ng studyante?,"{""1"":""Tsokolate"",""2"":""Steak"",""3"":""Pancit Canton""}",FALSE
11,447f0037-9686-4f96-b0de-95c9bc6f8aa8,Test Question,"{""1"":""C1"",""2"":""C2"",""3"":""C3""}",2,1,story details,none,{},FALSE
12,3c51ab3d-ca40-42dd-810a-4cf2cd622c26,mulcho 1,"{""1"":""c1"",""2"":""c2"",""3"":""c3""}",1,1,story details,none,{},FALSE
13,828e7a23-82e5-45d3-9466-e9daf113973b,Answer is 2,"{""1"":""1"",""2"":""2"",""3"":""3""}",2,1,story details,none,{},FALSE
14,885c73c2-2312-4ca2-9955-c74877da9a43,Multiple Choice - Answer is 2,"{""1"":""C1"",""2"":""C2"",""3"":""C3""}",2,1,story details,none,{},FALSE
15,7bf43c27-caff-4587-a9fb-5eff9ce41719,,"{""1"":"""",""2"":"""",""3"":""""}",,1,story details,none,{},FALSE
17,bbf7d3de-b6eb-444a-a68d-0cbffb3f4615,test,"{""1"":""sdfsdf"",""2"":""asdfasdf"",""3"":""asdfasdf""}",3,1,story details,none,{},FALSE
18,e2f8826e-99e2-4fe2-802b-9c22196e8b3c,test,"{""2"":""e2"",""3"":""e3"",""5"":""e""}",e3,1,story details,none,{},FALSE
19,e7879316-94d2-4764-8211-b0ba70ca41f8,est,"{""1"":""e1"",""2"":""e2"",""3"":""e3""}",e1,1,story details,tagalogtest,"{""1"":""t1"",""2"":""t2"",""3"":""t3""}",FALSE
20,18ca8bb2-5915-4988-8d2e-bb0b7c6f73a8,What is a dam?,"{""1"":""A place to play"",""2"":""A wall that holds water"",""3"":""A kind of animal"",""4"":""A story""}",2,1,content vocabulary,Ano ang prinsa?,"{""1"":""Lugar na mapaglalaruan"",""2"":""Pader na pumipigil sa tubig"",""3"":""Isang uri ng hayop"",""4"":""Isang kuwento""}",FALSE
21,18ca8bb2-5915-4988-8d2e-bb0b7c6f73a8,What are guardians?,"{""1"":""People who protect something"",""2"":""People who throw trash"",""3"":""People who live far away"",""4"":""Animals""}",1,2,content vocabulary,Ano ang mga tagapag-tanggol?,"{""1"":""Mga taong nagpoprotekta sa isang bagay"",""2"":""Mga taong nagtatapon ng basura"",""3"":""Mga taong nakatira sa malayo"",""4"":""Mga Hayop""}",FALSE
22,18ca8bb2-5915-4988-8d2e-bb0b7c6f73a8,What does mythical mean?,"{""1"":""Real"",""2"":""Imaginary or from a story"",""3"":""Dangerous"",""4"":""Old""}",2,5,content vocabulary,Ano ang ibig sabihin ng mitolohiko?,"{""1"":""Totoo"",""2"":""Imahinasyon o Mula sa kuwento"",""3"":""Mapanganib"",""4"":""Luma""}",FALSE
23,18667b4a-ec48-4961-b9db-3fcc87cbea83,What did Bill find?,"{""1"":""Leaf"",""2"":""Coin"",""3"":""Banana""}",2,1,content vocabulary,Ano ang nahanap ni Bill?,"{""1"":""Dahon"",""2"":""Barya"",""3"":""Saging""}",FALSE
24,18667b4a-ec48-4961-b9db-3fcc87cbea83,Why did Bill become known as the smartest monkey?,"{""1"":""He played all day"",""2"":""He saved coins and bought cheap food"",""3"":""He slept a lot""}",2,4,word functions,Bakit nakilala si Bill bilang isang matalinong unggoy?,"{""1"":""Naglaro siya buong araw"",""2"":""Nag-ipon siya ng barya at bumili ng murang pagkain"",""3"":""Madalas siyang matulog""}",FALSE
25,85489db2-366b-4aba-bfec-d415e07ea58b,Which word tells about the village?,"{""1"":""Live"",""2"":""Small"",""3"":""Village""}",2,1,word functions,Aling salita ang nagsasaad tungkol sa nayon?,"{""1"":""Nakatira"",""2"":""Maliit"",""3"":""Baryo""}",FALSE
26,85489db2-366b-4aba-bfec-d415e07ea58b,What did I see in the forest?,"{""1"":""Dog"",""2"":""Cat"",""3"":""Pilandok""}",3,5,content vocabulary,Ano ba ang nakita ko sa kagubatan?,"{""1"":""Aso"",""2"":""Pusa"",""3"":""Pilandok""}",FALSE
27,05d87818-b7e7-4547-9bd1-519ad6af9a25,What does the phrase 'bright idea' most nearly mean?,"{""1"":""A smart plan"",""2"":""A glowing light"",""3"":""A colorful drawing""}",1,1,content vocabulary,Ano ang ibig sabihin ng 'bright idea' sa pangungusap?,"{""1"":""Matalinong plano"",""2"":""Maliwanag na ilaw"",""3"":""Makulay na guhit""}",FALSE
28,05d87818-b7e7-4547-9bd1-519ad6af9a25,What does parallel mean in the sentence?,"{""1"":""Lines that never meet"",""2"":""Lines that cross"",""3"":""Lines that disappear""}",1,3,content vocabulary,Ano ang ibig sabihin ng parallel sa pangungusap?,"{""1"":""Mga linyang hindi nagtatagpo"",""2"":""Mga linyang nagkakasalubong"",""3"":""Mga linyang nawawala""}",FALSE
29,05d87818-b7e7-4547-9bd1-519ad6af9a25,Which word means the same as smiled?,"{""1"":""Grinned"",""2"":""Cried"",""3"":""Shouted""}",1,5,synonyms and antonyms,Aling salita ang kasingkahulugan ng smiled?,"{""1"":""Ngumiti"",""2"":""Umiyak"",""3"":""Sumigaw""}",FALSE
30,2b0643d1-1d18-423e-8133-d8b24647254b,What does 'first light of dawn' mean?,"{""1"":""Early morning light"",""2"":""Bright afternoon sun"",""3"":""A shining lamp""}",1,1,content vocabulary,Ano ang ibig sabihin ng 'first light of dawn'?,"{""1"":""Unang liwanag ng umaga"",""2"":""Maliwanag na araw sa hapon"",""3"":""Maliwanag na lampara""}",FALSE
31,2b0643d1-1d18-423e-8133-d8b24647254b,Which word means the same as discover?,"{""1"":""Find"",""2"":""Hide"",""3"":""Forget""}",1,2,synonyms and antonyms,"Habang sinusuri ang mga tangkay at dahon, natuklasan ng kuting ang mundong puno ng mga kababalaghan.","{""1"":""Matuklasan"",""2"":""Itago"",""3"":""Kalimutan""}",FALSE
32,2b0643d1-1d18-423e-8133-d8b24647254b,What does 'found its place in the world' most nearly mean?,"{""1"":""Felt that it belonged"",""2"":""Lost its way"",""3"":""Climbed a tree""}",1,5,content vocabulary,Ano ang ibig sabihin ng 'natagpuan ang kanyang lugar sa mundo'?,"{""1"":""Naramdaman na siya ay nababagay doon"",""2"":""Naligaw ng landas"",""3"":""Umakyat sa puno""}",FALSE
33,706535eb-a87d-4188-9b20-f788aed4adbe,Where is Emma?,"{""1"":""In a park"",""2"":""In a science class"",""3"":""In a store"",""4"":""In a bus""}",2,1,key details,Nasaan si Emma?,"{""1"":""Sa parke"",""2"":""Sa klase ng agham"",""3"":""Sa tindahan"",""4"":""Sa bus""}",FALSE
34,706535eb-a87d-4188-9b20-f788aed4adbe,What is the sound called when it comes back?,"{""1"":""Light"",""2"":""Wind"",""3"":""Echo"",""4"":""Rain""}",3,4,key details,Ano ang tawag sa tunog kapag ito ay bumabalik?,"{""1"":""Liwanag"",""2"":""Hangin"",""3"":""Echo"",""4"":""Ulan""}",FALSE
35,2ce3e546-10e8-4a72-9334-b94bba0b7b8c,What important material did early humans use to survive?,"{""1"":""Metal"",""2"":""Wood"",""3"":""Stones"",""4"":""Plastic""}",3,1,key details,Anong mahalagang materyal ang ginamit ng mga sinaunang tao upang mabuhay?,"{""1"":""Metal"",""2"":""Kahoy"",""3"":""Bato"",""4"":""Plastik""}",FALSE
36,2ce3e546-10e8-4a72-9334-b94bba0b7b8c,Which metal is used to make tools and structures?,"{""1"":""Copper"",""2"":""Iron"",""3"":""Aluminum"",""4"":""Gold""}",2,3,key details,Aling metal ang ginagamit sa paggawa ng mga kasangkapan at istruktura?,"{""1"":""Tanso"",""2"":""Bakal"",""3"":""Aluminyo"",""4"":""Ginto""}",FALSE
37,2ce3e546-10e8-4a72-9334-b94bba0b7b8c,Why is copper used in electrical wires?,"{""1"":""It floats in water"",""2"":""It conducts electricity well"",""3"":""It is very soft""}",2,5,drawing conclusions,Bakit ginagamit ang tanso sa mga kable ng kuryente?,"{""1"":""Ito ay lumulutang sa tubig"",""2"":""Ito ay mahusay na nagdadala ng kuryente"",""3"":""Ito ay napakalambot""}",FALSE
38,f03b0670-cbc8-467c-906e-c108fad4e429,What material becomes hard and strong when it dries?,"{""1"":""Sand"",""2"":""Water"",""3"":""Clay"",""4"":""Leaves""}",3,1,key details,Anong materyal ang nagiging matigas at malakas kapag natuyo?,"{""1"":""Buhangin"",""2"":""Tubig"",""3"":""Clay"",""4"":""Dahon""}",FALSE
39,f03b0670-cbc8-467c-906e-c108fad4e429,What problem can happen when clay soil gets very wet?,"{""1"":""Plants grow faster"",""2"":""The ground becomes unstable"",""3"":""The soil turns into sand"",""4"":""The clay disappears""}",2,5,drawing conclusions,Anong problema ang maaaring mangyari kapag basang-basa ang luwad na lupa?,"{""1"":""Lalong lumago ang mga halaman"",""2"":""Ang lupa ay nagiging hindi matatag"",""3"":""Ang lupa ay nagiging buhangin"",""4"":""Ang luwad ay nawawala""}",FALSE
40,927fe3d2-9718-4ada-9e9d-0d70103c7f3f,Why is it important to choose a box that fits the gift?,"{""1"":""The box will be heavier"",""2"":""The gift will become bigger"",""3"":""The wrapping paper will cover the gift properly"",""4"":""The ribbon will become longer""}",3,1,drawing conclusions,Bakit mahalagang pumili ng kahon na akma sa regalo?,"{""1"":""Magiging mas mabigat ang kahon"",""2"":""Lalaki ang regalo"",""3"":""Tatakpan nang maayos ng papel na pambalot ang regalo"",""4"":""Magiging mas mahaba ang laso""}",FALSE
41,927fe3d2-9718-4ada-9e9d-0d70103c7f3f,What might happen if there is too little wrapping paper?,"{""1"":""The ribbon will break"",""2"":""The gift may not be fully covered"",""3"":""The box will get bigger"",""4"":""The paper will become stronger""}",2,3,drawing conclusions,Ano ang maaaring mangyari kung masyadong maliit ang pambalot na papel?,"{""1"":""Masisira ang laso"",""2"":""Maaaring hindi ganap na sakop ang regalo"",""3"":""Lalaki ang kahon"",""4"":""Lalong lalakas ang papel""}",FALSE
42,8e9d748c-e988-45d2-866b-59031ac5b36f,Why is the coconut tree called the 'Tree of Life'?,"{""1"":""It grows taller than other trees"",""2"":""It produces many flowers"",""3"":""Many parts of the tree are useful to people"",""4"":""It grows only near the sea""}",3,1,drawing conclusions,"Bakit tinawag na ""Puno ng Buhay"" ang puno ng niyog?","{""1"":""Tumataas ito kaysa sa ibang mga puno"",""2"":""Nagbubunga ito ng maraming bulaklak"",""3"":""Maraming bahagi ng puno ang kapaki-pakinabang sa mga tao"",""4"":""Tumutubo lamang ito malapit sa dagat""}",FALSE
43,8e9d748c-e988-45d2-866b-59031ac5b36f,What might happen if there were no coconut trees in some areas?,"{""1"":""The soil may wash away more easily"",""2"":""The coconuts would grow bigger"",""3"":""Houses would grow taller"",""4"":""The weather would become colder""}",1,3,drawing conclusions,Ano ang maaaring mangyari kung walang puno ng niyog sa ilang lugar?,"{""1"":""Maaaring mas madaling maligo ang lupa"",""2"":""The coconuts would grow bigger"",""3"":""Houses would grow taller"",""4"":""The weather would become colder""}",FALSE
44,8e9d748c-e988-45d2-866b-59031ac5b36f,Which statement best explains why people should protect coconut trees?,"{""1"":""They grow faster than other trees"",""2"":""They help people and nature in many ways"",""3"":""They only grow in warm places"",""4"":""They produce many leaves""}",2,5,drawing conclusions,Aling pahayag ang pinakamahusay na nagpapaliwanag kung bakit dapat protektahan ng mga tao ang mga puno ng niyog?,"{""1"":""Mas mabilis silang lumaki kaysa sa ibang mga puno"",""2"":""Tinutulungan nila ang mga tao at kalikasan sa maraming paraan"",""3"":""Tumutubo lamang sila sa mga maiinit na lugar"",""4"":""Nagbubunga sila ng maraming dahon""}",FALSE
45,3cc95d2b-ebba-4c87-9af9-960bd2f6ae26,What can we infer about the butanding from the passage?,"{""1"":""It is dangerous to swimmers"",""2"":""It hunts large fish in the ocean"",""3"":""Its size does not make it harmful to people"",""4"":""It lives only in rivers""}",3,1,drawing conclusions,Ano ang mahihinuha natin sa butanding mula sa talata?,"{""1"":""Mapanganib sa mga manlalangoy"",""2"":""Nangangaso ito ng malalaking isda sa karagatan"",""3"":""Ang laki nito ay hindi nakakapinsala sa mga tao"",""4"":""Nabubuhay lamang ito sa mga ilog""}",FALSE
46,3cc95d2b-ebba-4c87-9af9-960bd2f6ae26,What is one result of people visiting places where butanding live?,"{""1"":""The whale sharks disappear"",""2"":""Local communities can earn money from tourism"",""3"":""The ocean becomes smaller"",""4"":""Fishermen stop working""}",2,3,drawing conclusions,Ano ang isang resulta ng pagbisita ng mga tao sa mga lugar kung saan nakatira ang butanding?,"{""1"":""Nawala ang mga whale shark"",""2"":""Maaaring kumita ng pera ang mga lokal na komunidad mula sa turismo"",""3"":""Paliit ang karagatan"",""4"":""Tumigil sa pagtatrabaho ang mga mangingisda""}",FALSE
47,3cc95d2b-ebba-4c87-9af9-960bd2f6ae26,What might happen if people do not protect the ocean?,"{""1"":""The butanding will grow bigger"",""2"":""The butanding may disappear from the ocean"",""3"":""More tourists will visit"",""4"":""Plankton will stop growing""}",2,5,drawing conclusions,Ano ang maaaring mangyari kung hindi protektahan ng mga tao ang karagatan?,"{""1"":""Lalaki ang butanding"",""2"":""Maaaring mawala ang butanding sa karagatan"",""3"":""Maraming turista ang bibisita"",""4"":""Plankton will stop growing""}",FALSE
