id,story_id,page_num,text,tagalog_text
1,10efe7f8-1a53-4717-9d8b-cdd50d736fbd,1,Mila is a monkey who lives deep in a mountainous forest,Si Mila ay isang unggoy na nakatira sa isang bulubundukin na gubat.
2,10efe7f8-1a53-4717-9d8b-cdd50d736fbd,2,"There are lots of fruits in the forest, like banana, papaya, and durian","Maraming prutas sa gubat na ito, tulad ng saging, papaya, at durian."
3,47157988-cb0f-4747-bbc2-36ddf520ff6b,1,Our first president was Emilio Aguinaldo.,Ang ating unang presidente ay si Emilio Aguinaldo
4,47157988-cb0f-4747-bbc2-36ddf520ff6b,2,Our second president was Manuel Roxas.,Ang ating pangalawang presidente ay si Manuel Roxas.
5,7a066e98-d41a-4ea4-89fc-ef73ae915bbd,1,vocab lvl2 page1,none
6,7a066e98-d41a-4ea4-89fc-ef73ae915bbd,2,vocab lvl2 pg2,none
7,bfc3b814-2dea-4ce3-91dd-103da5b1731a,1,vcb lvl3 1,none
8,bfc3b814-2dea-4ce3-91dd-103da5b1731a,2,vocab lvl3 2,none
9,72c0e84d-b309-4548-9749-cdb781786a72,1,vocab lvl4 pg1,none
10,72c0e84d-b309-4548-9749-cdb781786a72,2,vocab lvl4 pg2,none
11,10efe7f8-1a53-4717-9d8b-cdd50d736fbd,3,"One day, Mila was walking in the forest when she came across a strange object!","Isang araw, naglalakad si Mila sa kagubatan nang may nakasalubong siyang kakaibang bagay!"
51,a351097b-2e32-4d98-9d33-5c8f7fe824ab,1,The student ate pancit Canton.,Kumain yung studyante ng pancit canton
52,a351097b-2e32-4d98-9d33-5c8f7fe824ab,2,"She studied for her test, got perfect, then woke up from her dream.","Nag-aral siya para sa pagsusulit, nakakuha ng perpektong marka, at nagising"
53,447f0037-9686-4f96-b0de-95c9bc6f8aa8,1,Page 1,none
54,3c51ab3d-ca40-42dd-810a-4cf2cd622c26,1,page 1,none
55,828e7a23-82e5-45d3-9466-e9daf113973b,1,This is a page,none
56,828e7a23-82e5-45d3-9466-e9daf113973b,2,"I eat. I sleep. I study. ",none
57,885c73c2-2312-4ca2-9955-c74877da9a43,1,Page 1,none
58,885c73c2-2312-4ca2-9955-c74877da9a43,2,I eat. I sleep. I study.,none
61,7bf43c27-caff-4587-a9fb-5eff9ce41719,1,test1,tagalog test 1
62,aecb2c74-f9c7-4e0f-ba7c-7fdd1a999607,1,sdfasdf,tesdfasdf
63,bbf7d3de-b6eb-444a-a68d-0cbffb3f4615,1,seafdsaf,tesdfasf
64,6321dd29-c310-49aa-9844-ab64188d5006,1,asdfasdf,
65,c1526a26-08a9-4532-b5c6-da6b1a17ed49,1,fasdfasdf,
66,1515efab-afcb-4779-bb32-08774075b40c,1,asdf,
67,4ea07e81-96e4-4864-b398-bd4a157bc2f5,1,asdfasdf,asdfasdf
68,fad71856-2621-440b-95bc-c27a9acf8c75,1,p1,p1
69,410a3cc7-a7ca-4872-9429-fc3590b580ee,1,p1,sdfasdf
70,7fec4378-0880-43f2-8dc4-3c1db16a1975,1,p1,p1
71,9ccc0c70-7948-4ba7-a7b8-afcd970b29b3,1,p1,p2
72,6cc37058-790f-4d26-83d4-f16e256a442a,1,p1,p2
73,e2f8826e-99e2-4fe2-802b-9c22196e8b3c,1,p1,
74,e7879316-94d2-4764-8211-b0ba70ca41f8,1,p1,t1